GoodsID,rDate,TotalQty,TotalAmt,year,month
10014,20231022,1.0,17.59,2024,1
10081,20231025,1.0,8.66,2024,1
10074,20231024,1.0,35.4,2024,1
10000,20231016,1.0,11.1,2024,1
10000,20231101,1.0,11.1,2024,1
10057,20231012,1.0,12.33,2024,1
10114,20231016,1.0,24.38,2024,1
10000,20231030,1.0,11.1,2024,1
10028,20231102,1.0,205.95,2024,1
10095,20231011,2.0,61.02,2024,1
10078,20231023,13.0,13.26,2024,1
10103,20231027,1.0,24.94,2024,1
10002,20231017,1.0,13.72,2024,1
10069,20231102,3.0,23.4,2024,1
10038,20231102,1.0,114.02,2024,1
10005,20231101,1.0,19.64,2024,1
10078,20231014,12.0,12.24,2024,1
10078,20231004,9.0,9.18,2024,1
10060,20231011,1.0,84.32,2024,1
10095,20231021,1.0,30.51,2024,1
10046,20231102,1.0,56.34,2024,1
10064,20231029,1.0,15.81,2024,1
10111,20231023,1.0,8.81,2024,1
10039,20231025,1.0,44.85,2024,1
10013,20231022,1.0,0.0,2024,1
10014,20231019,4.0,70.36,2024,1
10086,20231010,1.0,15.79,2024,1
10055,20231007,1.0,0.0,2024,1
10061,20231025,1.0,17.79,2024,1
10000,20231011,1.0,11.1,2024,1
10076,20231012,280.0,0.0,2024,1
10086,20231023,1.0,15.79,2024,1
10014,20231013,1.0,17.59,2024,1
10085,20231023,1.0,54.34,2024,1
10044,20231029,1.0,38.52,2024,1
10110,20231031,2.0,41.26,2024,1
10099,20231013,1.0,0.0,2024,1
10012,20231007,1.0,0.0,2024,1
10005,20231012,1.0,19.64,2024,1
10067,20231101,1.0,118.88,2024,1
10106,20231030,1.0,27.43,2024,1
10069,20231013,1.0,7.8,2024,1
10043,20231015,1.0,5.09,2024,1
10027,20231102,1.0,138.16,2024,1
10010,20231030,1.0,122.33,2024,1
10076,20231008,260.0,0.0,2024,1
10000,20231012,3.0,33.3,2024,1
10078,20231102,13.0,13.26,2024,1
10078,20231015,15.0,15.3,2024,1
10076,20231011,279.0,0.0,2024,1
10069,20231028,1.0,7.8,2024,1
10014,20231028,1.0,17.59,2024,1
10084,20231024,1.0,39.65,2024,1
10032,20231015,1.0,18.61,2024,1
10080,20231017,1.0,10.66,2024,1
10076,20231018,371.0,0.0,2024,1
10078,20231017,12.0,12.24,2024,1
10007,20231007,1.0,43.46,2024,1
10112,20231020,1.0,6.46,2024,1
10076,20231021,273.0,0.0,2024,1
10078,20231005,16.0,16.32,2024,1
10095,20231030,1.0,30.51,2024,1
10076,20231101,475.0,0.0,2024,1
10076,20231026,309.0,0.0,2024,1
10057,20231024,2.0,24.66,2024,1
10076,20231030,271.0,0.0,2024,1
10038,20231003,1.0,114.02,2024,1
10069,20231003,1.0,7.8,2024,1
10034,20231022,1.0,13.83,2024,1
10001,20231031,1.0,38.05,2024,1
10050,20231006,2.0,26.4,2024,1
10065,20231022,1.0,15.32,2024,1
10099,20231029,1.0,0.0,2024,1
10000,20231013,12.0,133.2,2024,1
10014,20231003,2.0,35.18,2024,1
10096,20231029,1.0,54.79,2024,1
10007,20231029,1.0,43.46,2024,1
10057,20231011,1.0,12.33,2024,1
10102,20231026,1.0,13.6,2024,1
10000,20231008,3.0,33.3,2024,1
10111,20231029,1.0,8.81,2024,1
10059,20231008,1.0,15.22,2024,1
10076,20231019,255.0,0.0,2024,1
10086,20231008,1.0,15.79,2024,1
10002,20231027,2.0,27.44,2024,1
10069,20231014,1.0,7.8,2024,1
10077,20231013,1.0,38.33,2024,1
10111,20231022,13.0,114.53,2024,1
10079,20231006,2.0,64.58,2024,1
10068,20231017,2.0,13.0,2024,1
10014,20231014,1.0,17.59,2024,1
10034,20231102,1.0,13.83,2024,1
10052,20231101,1.0,37.9,2024,1
10110,20231028,2.0,41.26,2024,1
10116,20231028,1.0,22.07,2024,1
10078,20231007,14.0,14.28,2024,1
10012,20231018,1.0,0.0,2024,1
10065,20231021,1.0,15.32,2024,1
10097,20231020,1.0,132.77,2024,1
10076,20231013,349.0,0.0,2024,1
10011,20231013,1.0,30.44,2024,1
10072,20231018,1.0,0.0,2024,1
10014,20231007,1.0,17.59,2024,1
10021,20231008,1.0,177.06,2024,1
10002,20231024,1.0,13.72,2024,1
10069,20231023,1.0,7.8,2024,1
10033,20231020,1.0,0.0,2024,1
10112,20231024,2.0,12.92,2024,1
10014,20231012,1.0,17.59,2024,1
10005,20231019,1.0,19.64,2024,1
10032,20231101,2.0,37.22,2024,1
10076,20231009,369.0,0.0,2024,1
10000,20231028,8.0,88.8,2024,1
10043,20231026,3.0,15.27,2024,1
10011,20231009,1.0,30.44,2024,1
10069,20231004,1.0,7.8,2024,1
10054,20231026,1.0,10.82,2024,1
10014,20231004,1.0,17.59,2024,1
10068,20231007,1.0,6.5,2024,1
10071,20231013,1.0,0.0,2024,1
10061,20231013,1.0,17.79,2024,1
10014,20231029,1.0,17.59,2024,1
10079,20231005,1.0,32.29,2024,1
10003,20231017,1.0,10.79,2024,1
10067,20231019,1.0,118.88,2024,1
10081,20231010,1.0,8.66,2024,1
10078,20231022,21.0,21.42,2024,1
10097,20231015,1.0,132.77,2024,1
10097,20231005,1.0,132.77,2024,1
10041,20231031,1.0,55.52,2024,1
10095,20231102,1.0,30.51,2024,1
10003,20231007,1.0,10.79,2024,1
10067,20231009,1.0,118.88,2024,1
10069,20231021,4.0,31.2,2024,1
10096,20231009,1.0,54.79,2024,1
10054,20231023,5.0,54.1,2024,1
10078,20231031,17.0,17.34,2024,1
10076,20231025,177.0,0.0,2024,1
10000,20231020,3.0,33.3,2024,1
10099,20231031,1.0,0.0,2024,1
10017,20231102,1.0,32.2,2024,1
10095,20231013,1.0,30.51,2024,1
10003,20231011,1.0,10.79,2024,1
10113,20231028,1.0,12.38,2024,1
10032,20231004,1.0,18.61,2024,1
10095,20231003,1.0,30.51,2024,1
10001,20231101,7.0,266.35,2024,1
10080,20231014,2.0,21.32,2024,1
10076,20231003,232.0,0.0,2024,1
10002,20231031,1.0,13.72,2024,1
10087,20231014,1.0,41.36,2024,1
10092,20231013,2.0,11.74,2024,1
10057,20231006,1.0,12.33,2024,1
10000,20231006,1.0,11.1,2024,1
10078,20231029,18.0,18.36,2024,1
10111,20231031,1.0,8.81,2024,1
10050,20231015,2.0,26.4,2024,1
10101,20231006,1.0,80.99,2024,1
10010,20231028,1.0,122.33,2024,1
10069,20231011,3.0,23.4,2024,1
10110,20231026,1.0,20.63,2024,1
10003,20231012,2.0,21.58,2024,1
10092,20231012,2.0,11.74,2024,1
10043,20231017,1.0,5.09,2024,1
10076,20231016,295.0,0.0,2024,1
10095,20231027,1.0,30.51,2024,1
10076,20231020,660.0,0.0,2024,1
10076,20231006,281.0,0.0,2024,1
10059,20231025,1.0,15.22,2024,1
10076,20231010,285.0,0.0,2024,1
10076,20231027,308.0,0.0,2024,1
10095,20231028,1.0,30.51,2024,1
10076,20231028,858.0,0.0,2024,1
10015,20231010,1.0,0.0,2024,1
10054,20231007,1.0,10.82,2024,1
10111,20231030,2.0,17.62,2024,1
10095,20231023,1.0,30.51,2024,1
10038,20231006,1.0,114.02,2024,1
10106,20231017,1.0,27.43,2024,1
10076,20231023,417.0,0.0,2024,1
10020,20231020,1.0,0.0,2024,1
10116,20231018,1.0,22.07,2024,1
10050,20231019,1.0,13.2,2024,1
10056,20231023,4.0,59.0,2024,1
10001,20231016,1.0,38.05,2024,1
10074,20231007,1.0,35.4,2024,1
10050,20231003,1.0,13.2,2024,1
10038,20231021,2.0,228.04,2024,1
10047,20231029,3.0,32.94,2024,1
10030,20231030,2.0,61.48,2024,1
10079,20231031,1.0,32.29,2024,1
10076,20231004,342.0,0.0,2024,1
10076,20231029,400.0,0.0,2024,1
10047,20231005,1.0,10.98,2024,1
10080,20231011,1.0,10.66,2024,1
10095,20231005,1.0,30.51,2024,1
10076,20231005,328.0,0.0,2024,1
10076,20231014,330.0,0.0,2024,1
10039,20231102,1.0,44.85,2024,1
10093,20231029,1.0,14.29,2024,1
10086,20231009,1.0,15.79,2024,1
10064,20231012,1.0,15.81,2024,1
10111,20231019,1.0,8.81,2024,1
10039,20231019,1.0,44.85,2024,1
10005,20231007,2.0,39.28,2024,1
10001,20231024,1.0,38.05,2024,1
10078,20231012,9.0,9.18,2024,1
10012,20231101,1.0,0.0,2024,1
10043,20231016,1.0,5.09,2024,1
10007,20231013,1.0,43.46,2024,1
10052,20231008,1.0,37.9,2024,1
10034,20231020,1.0,13.83,2024,1
10067,20231005,1.0,118.88,2024,1
10010,20231014,1.0,122.33,2024,1
10080,20231016,1.0,10.66,2024,1
10070,20231012,2.0,62.0,2024,1
10092,20231010,2.0,11.74,2024,1
10010,20231004,1.0,122.33,2024,1
10047,20231007,3.0,32.94,2024,1
10080,20231006,1.0,10.66,2024,1
10111,20231021,5.0,44.05,2024,1
10046,20231030,1.0,56.34,2024,1
10011,20231007,1.0,30.44,2024,1
10000,20231005,1.0,11.1,2024,1
10047,20231023,1.0,10.98,2024,1
10076,20231102,407.0,0.0,2024,1
10092,20231023,8.0,46.96,2024,1
10007,20231022,2.0,86.92,2024,1
10084,20231017,1.0,39.65,2024,1
10076,20231015,303.0,0.0,2024,1
10078,20231024,16.0,16.32,2024,1
10070,20231008,1.0,31.0,2024,1
10032,20231008,1.0,18.61,2024,1
10104,20231009,1.0,554.64,2024,1
10078,20231018,15.0,15.3,2024,1
10078,20231008,9.0,9.18,2024,1
10078,20231021,12.0,12.24,2024,1
10078,20231011,13.0,13.26,2024,1
10014,20231016,1.0,17.59,2024,1
10014,20231020,1.0,17.59,2024,1
10111,20231024,11.0,96.91,2024,1
10037,20231007,1.0,88.14,2024,1
10105,20231026,1.0,29.34,2024,1
10017,20231029,1.0,32.2,2024,1
10057,20231019,1.0,12.33,2024,1
10078,20231101,20.0,20.4,2024,1
10087,20231030,1.0,41.36,2024,1
10078,20231026,11.0,11.22,2024,1
10078,20231030,17.0,17.34,2024,1
10080,20231101,1.0,10.66,2024,1
10043,20231027,3.0,15.27,2024,1
10084,20231005,1.0,39.65,2024,1
10012,20231022,1.0,0.0,2024,1
10000,20231015,1.0,11.1,2024,1
10115,20231101,2.0,45.7,2024,1
10003,20231020,-1.0,-10.79,2024,1
10100,20231023,1.0,68.64,2024,1
10067,20231017,1.0,118.88,2024,1
10097,20231101,1.0,132.77,2024,1
10076,20231024,281.0,0.0,2024,1
10080,20231028,2.0,21.32,2024,1
10095,20231007,1.0,30.51,2024,1
10099,20231027,1.0,0.0,2024,1
10076,20231007,318.0,0.0,2024,1
10105,20231015,1.0,29.34,2024,1
10050,20231004,1.0,13.2,2024,1
10069,20231027,2.0,15.6,2024,1
10069,20231010,2.0,15.6,2024,1
10095,20231008,1.0,30.51,2024,1
10078,20231013,10.0,10.2,2024,1
10099,20231028,1.0,0.0,2024,1
10079,20231021,1.0,32.29,2024,1
10111,20231020,5.0,44.05,2024,1
10012,20231021,1.0,0.0,2024,1
10107,20231028,1.0,0.0,2024,1
10079,20231023,3.0,96.87,2024,1
10068,20231006,1.0,6.5,2024,1
10069,20231020,1.0,7.8,2024,1
10095,20231029,2.0,61.02,2024,1
10116,20231017,2.0,44.14,2024,1
10080,20231003,1.0,10.66,2024,1
10106,20231019,2.0,54.86,2024,1
10078,20231003,10.0,10.2,2024,1
10099,20231020,1.0,0.0,2024,1
10076,20231017,321.0,0.0,2024,1
10061,20231031,2.0,35.58,2024,1
10095,20231022,2.0,61.02,2024,1
10047,20231018,3.0,32.94,2024,1
10076,20231022,326.0,0.0,2024,1
10079,20231019,1.0,32.29,2024,1
10078,20231009,4.0,4.08,2024,1
10069,20231005,1.0,7.8,2024,1
10056,20231022,1.0,14.75,2024,1
10090,20231008,1.0,30.56,2024,1
10014,20231005,2.0,35.18,2024,1
10032,20231020,4.0,74.44,2024,1
10078,20231019,12.0,12.24,2024,1
10039,20231101,1.0,44.85,2024,1
10032,20231028,1.0,18.61,2024,1
10069,20231015,2.0,15.6,2024,1
10043,20231028,2.0,10.18,2024,1
10112,20231026,2.0,12.92,2024,1
10014,20231015,1.0,17.59,2024,1
10005,20231029,1.0,19.64,2024,1
10076,20231031,412.0,0.0,2024,1
10011,20231031,1.0,30.44,2024,1
10000,20231017,3.0,33.3,2024,1
10078,20231028,21.0,21.42,2024,1
10003,20231015,2.0,21.58,2024,1
10027,20231028,1.0,138.16,2024,1
10064,20231028,1.0,15.81,2024,1
10081,20231004,1.0,8.66,2024,1
10075,20231101,1.0,135.97,2024,1
10078,20231025,6.0,6.12,2024,1
10100,20231005,1.0,68.64,2024,1
10111,20231027,3.0,26.43,2024,1
10100,20231029,1.0,68.64,2024,1
10079,20231102,1.0,32.29,2024,1
10102,20231025,1.0,13.6,2024,1
10034,20231005,1.0,13.83,2024,1
10002,20231025,1.0,13.72,2024,1
10064,20231020,1.0,15.81,2024,1
10081,20231022,2.0,17.32,2024,1
10117,20231021,1.0,0.0,2024,1
10014,20231008,1.0,17.59,2024,1
10000,20231007,5.0,55.5,2024,1
10029,20231012,3.0,0.0,2024,1
10061,20231023,2.0,35.58,2024,1
10078,20231016,15.0,15.3,2024,1
10078,20231020,9.0,9.18,2024,1
10100,20231017,1.0,68.64,2024,1
10111,20231018,54.0,475.74,2024,1
10043,20231010,6.0,30.54,2024,1
10000,20231004,1.0,11.1,2024,1
10081,20231031,2.0,17.32,2024,1
10047,20231031,4.0,43.92,2024,1
10100,20231024,1.0,68.64,2024,1
10080,20231027,2.0,21.32,2024,1
10078,20231006,12.0,12.24,2024,1
10078,20231010,13.0,13.26,2024,1
10081,20231023,1.0,8.66,2024,1
10078,20231027,12.0,12.24,2024,1
10033,20231022,1.0,0.0,2024,1
10078,20231104,24.0,24.48,2024,2
10067,20231116,1.0,118.88,2024,2
10096,20231121,1.0,54.79,2024,2
10099,20231105,1.0,0.0,2024,2
10076,20231106,553.0,0.0,2024,2
10102,20231105,1.0,13.6,2024,2
10038,20231105,2.0,228.04,2024,2
10127,20231121,1.0,38.6,2024,2
10115,20231121,1.0,22.85,2024,2
10033,20231109,1.0,0.0,2024,2
10096,20231105,1.0,54.79,2024,2
10043,20231121,2.0,10.18,2024,2
10123,20231121,1.0,23.19,2024,2
10047,20231108,1.0,10.98,2024,2
10095,20231108,3.0,91.53,2024,2
10076,20231108,509.0,0.0,2024,2
10078,20231121,18.0,18.36,2024,2
10116,20231118,1.0,22.07,2024,2
10067,20231127,1.0,118.88,2024,2
10008,20231118,1.0,109.81,2024,2
10096,20231128,1.0,54.79,2024,2
10046,20231128,1.0,56.34,2024,2
10048,20231125,1.0,9.66,2024,2
10015,20231108,1.0,0.0,2024,2
10081,20231124,1.0,8.66,2024,2
10102,20231111,1.0,13.6,2024,2
10067,20231106,1.0,118.88,2024,2
10114,20231123,1.0,24.38,2024,2
10120,20231103,1.0,19.64,2024,2
10027,20231110,1.0,138.16,2024,2
10106,20231116,2.0,54.86,2024,2
10097,20231130,1.0,132.77,2024,2
10022,20231129,1.0,0.0,2024,2
10016,20231125,1.0,29.63,2024,2
10050,20231201,1.0,13.2,2024,2
10109,20231107,1.0,84.76,2024,2
10095,20231123,2.0,61.02,2024,2
10095,20231127,1.0,30.51,2024,2
10076,20231123,188.0,0.0,2024,2
10030,20231111,2.0,61.48,2024,2
10076,20231127,252.0,0.0,2024,2
10078,20231105,13.0,13.26,2024,2
10078,20231126,8.0,8.16,2024,2
10084,20231116,1.0,39.65,2024,2
10027,20231105,1.0,138.16,2024,2
10086,20231111,1.0,15.79,2024,2
10064,20231105,1.0,15.81,2024,2
10034,20231106,1.0,13.83,2024,2
10078,20231128,13.0,13.26,2024,2
10008,20231108,1.0,109.81,2024,2
10041,20231120,1.0,55.52,2024,2
10076,20231130,211.0,0.0,2024,2
10065,20231108,1.0,15.32,2024,2
10078,20231111,16.0,16.32,2024,2
10050,20231110,1.0,13.2,2024,2
10114,20231122,1.0,24.38,2024,2
10059,20231122,5.0,76.1,2024,2
10030,20231120,1.0,30.74,2024,2
10115,20231111,4.0,91.4,2024,2
10041,20231129,1.0,55.52,2024,2
10076,20231124,198.0,0.0,2024,2
10074,20231110,1.0,35.4,2024,2
10080,20231115,1.0,10.66,2024,2
10078,20231115,18.0,18.36,2024,2
10057,20231117,2.0,24.66,2024,2
10076,20231122,291.0,0.0,2024,2
10061,20231107,1.0,17.79,2024,2
10095,20231109,3.0,91.53,2024,2
10051,20231201,1.0,21.68,2024,2
10076,20231119,212.0,0.0,2024,2
10076,20231109,537.0,0.0,2024,2
10047,20231123,1.0,10.98,2024,2
10112,20231121,2.0,12.92,2024,2
10026,20231106,1.0,175.63,2024,2
10116,20231109,5.0,110.35,2024,2
10040,20231123,1.0,125.76,2024,2
10003,20231119,2.0,21.58,2024,2
10065,20231127,1.0,15.32,2024,2
10065,20231123,1.0,15.32,2024,2
10039,20231116,1.0,44.85,2024,2
10005,20231130,1.0,19.64,2024,2
10099,20231122,1.0,0.0,2024,2
10069,20231118,2.0,15.6,2024,2
10078,20231201,7.0,7.14,2024,2
10076,20231103,483.0,0.0,2024,2
10095,20231106,2.0,61.02,2024,2
10000,20231125,1.0,11.1,2024,2
10078,20231117,17.0,17.34,2024,2
10112,20231105,6.0,38.76,2024,2
10029,20231128,1.0,0.0,2024,2
10065,20231111,1.0,15.32,2024,2
10110,20231106,4.0,82.52,2024,2
10000,20231109,5.0,55.5,2024,2
10078,20231107,24.0,24.48,2024,2
10122,20231128,1.0,6.67,2024,2
10018,20231109,1.0,50.9,2024,2
10008,20231124,1.0,109.81,2024,2
10032,20231129,1.0,18.61,2024,2
10070,20231129,1.0,31.0,2024,2
10078,20231129,39.0,39.78,2024,2
10057,20231103,2.0,24.66,2024,2
10061,20231103,1.0,17.79,2024,2
10000,20231103,4.0,44.4,2024,2
10034,20231119,1.0,13.83,2024,2
10044,20231107,2.0,77.04,2024,2
10048,20231128,1.0,9.66,2024,2
10069,20231120,3.0,23.4,2024,2
10069,20231110,1.0,7.8,2024,2
10069,20231122,2.0,15.6,2024,2
10005,20231119,1.0,19.64,2024,2
10085,20231108,1.0,54.34,2024,2
10088,20231119,1.0,13.83,2024,2
10100,20231106,1.0,68.64,2024,2
10078,20231118,8.0,8.16,2024,2
10069,20231109,1.0,7.8,2024,2
10069,20231126,4.0,31.2,2024,2
10003,20231121,1.0,10.79,2024,2
10032,20231118,1.0,18.61,2024,2
10032,20231108,1.0,18.61,2024,2
10093,20231130,1.0,14.29,2024,2
10124,20231109,1.0,11.43,2024,2
10074,20231130,1.0,35.4,2024,2
10056,20231116,2.0,29.5,2024,2
10078,20231108,31.0,31.62,2024,2
10061,20231104,1.0,17.79,2024,2
10000,20231104,5.0,55.5,2024,2
10010,20231127,1.0,122.33,2024,2
10115,20231108,3.0,68.55,2024,2
10000,20231127,2.0,22.2,2024,2
10069,20231111,0.0,0.0,2024,2
10129,20231124,1.0,15.53,2024,2
10076,20231116,201.0,0.0,2024,2
10030,20231123,2.0,61.48,2024,2
10101,20231104,1.0,80.99,2024,2
10112,20231107,1.0,6.46,2024,2
10076,20231125,225.0,0.0,2024,2
10012,20231110,1.0,0.0,2024,2
10044,20231118,1.0,38.52,2024,2
10078,20231110,28.0,28.56,2024,2
10116,20231124,1.0,22.07,2024,2
10011,20231109,1.0,30.44,2024,2
10000,20231106,2.0,22.2,2024,2
10115,20231110,3.0,68.55,2024,2
10014,20231129,-1.0,-17.59,2024,2
10058,20231115,1.0,17.12,2024,2
10087,20231120,1.0,41.36,2024,2
10078,20231120,6.0,6.12,2024,2
10002,20231110,1.0,13.72,2024,2
10105,20231127,1.0,29.34,2024,2
10003,20231201,1.0,10.79,2024,2
10078,20231123,7.0,7.14,2024,2
10060,20231105,1.0,84.32,2024,2
10078,20231127,9.0,9.18,2024,2
10010,20231110,1.0,122.33,2024,2
10075,20231129,1.0,135.97,2024,2
10018,20231125,1.0,50.9,2024,2
10003,20231103,0.0,0.0,2024,2
10114,20231110,1.0,24.38,2024,2
10069,20231117,1.0,7.8,2024,2
10030,20231124,1.0,30.74,2024,2
10122,20231126,1.0,6.67,2024,2
10097,20231115,1.0,132.77,2024,2
10097,20231105,1.0,132.77,2024,2
10080,20231130,1.0,10.66,2024,2
10077,20231115,1.0,38.33,2024,2
10000,20231120,1.0,11.1,2024,2
10112,20231126,1.0,6.46,2024,2
10068,20231127,2.0,13.0,2024,2
10069,20231107,5.0,39.0,2024,2
10095,20231110,5.0,152.55,2024,2
10030,20231109,2.0,61.48,2024,2
10102,20231130,1.0,13.6,2024,2
10122,20231108,1.0,6.67,2024,2
10129,20231125,1.0,15.53,2024,2
10092,20231110,6.0,35.22,2024,2
10110,20231110,2.0,41.26,2024,2
10116,20231110,3.0,66.21,2024,2
10014,20231130,1.0,17.59,2024,2
10000,20231128,2.0,22.2,2024,2
10101,20231128,1.0,80.99,2024,2
10057,20231121,2.0,24.66,2024,2
10047,20231104,1.0,10.98,2024,2
10032,20231119,1.0,18.61,2024,2
10061,20231121,1.0,17.79,2024,2
10043,20231109,4.0,20.36,2024,2
10000,20231121,1.0,11.1,2024,2
10000,20231111,1.0,11.1,2024,2
10010,20231111,1.0,122.33,2024,2
10054,20231109,1.0,10.82,2024,2
10076,20231104,453.0,0.0,2024,2
10051,20231115,1.0,21.68,2024,2
10080,20231109,1.0,10.66,2024,2
10056,20231105,1.0,14.75,2024,2
10032,20231201,1.0,18.61,2024,2
10059,20231115,1.0,15.22,2024,2
10064,20231109,1.0,15.81,2024,2
10076,20231128,217.0,0.0,2024,2
10115,20231109,3.0,68.55,2024,2
10106,20231129,2.0,54.86,2024,2
10057,20231115,1.0,12.33,2024,2
10095,20231111,3.0,91.53,2024,2
10076,20231111,532.0,0.0,2024,2
10008,20231129,1.0,109.81,2024,2
10069,20231201,2.0,15.6,2024,2
10110,20231111,1.0,20.63,2024,2
10116,20231111,3.0,66.21,2024,2
10047,20231121,1.0,10.98,2024,2
10120,20231127,1.0,19.64,2024,2
10051,20231129,1.0,21.68,2024,2
10078,20231130,7.0,7.14,2024,2
10099,20231107,1.0,0.0,2024,2
10018,20231104,1.0,50.9,2024,2
10076,20231121,225.0,0.0,2024,2
10115,20231106,1.0,22.85,2024,2
10069,20231103,4.0,31.2,2024,2
10000,20231105,1.0,11.1,2024,2
10114,20231105,1.0,24.38,2024,2
10104,20231127,1.0,554.64,2024,2
10076,20231115,264.0,0.0,2024,2
10114,20231121,1.0,24.38,2024,2
10078,20231119,7.0,7.14,2024,2
10048,20231127,1.0,9.66,2024,2
10078,20231124,6.0,6.12,2024,2
10005,20231128,1.0,19.64,2024,2
10095,20231104,2.0,61.02,2024,2
10030,20231117,2.0,61.48,2024,2
10001,20231103,1.0,38.05,2024,2
10076,20231105,437.0,0.0,2024,2
10099,20231124,1.0,0.0,2024,2
10076,20231126,266.0,0.0,2024,2
10078,20231122,3.0,3.06,2024,2
10069,20231125,1.0,7.8,2024,2
10109,20231108,1.0,84.76,2024,2
10078,20231109,24.0,24.48,2024,2
10076,20231201,178.0,0.0,2024,2
10097,20231110,1.0,132.77,2024,2
10105,20231201,2.0,58.68,2024,2
10095,20231107,1.0,30.51,2024,2
10032,20231103,1.0,18.61,2024,2
10076,20231107,452.0,0.0,2024,2
10014,20231104,1.0,17.59,2024,2
10069,20231127,2.0,15.6,2024,2
10087,20231103,2.0,82.72,2024,2
10004,20231128,1.0,8.38,2024,2
10056,20231107,2.0,29.5,2024,2
10078,20231103,15.0,15.3,2024,2
10015,20231107,1.0,0.0,2024,2
10095,20231117,1.0,30.51,2024,2
10027,20231103,2.0,276.32,2024,2
10076,20231117,263.0,0.0,2024,2
10069,20231106,2.0,15.6,2024,2
10081,20231110,1.0,8.66,2024,2
10060,20231108,1.0,84.32,2024,2
10076,20231129,273.0,0.0,2024,2
10000,20231201,2.0,22.2,2024,2
10032,20231125,1.0,18.61,2024,2
10110,20231115,2.0,41.26,2024,2
10112,20231106,6.0,38.76,2024,2
10057,20231107,2.0,24.66,2024,2
10100,20231105,1.0,68.64,2024,2
10047,20231105,1.0,10.98,2024,2
10017,20231120,1.0,32.2,2024,2
10109,20231111,1.0,84.76,2024,2
10110,20231105,1.0,20.63,2024,2
10003,20231127,1.0,10.79,2024,2
10076,20231120,261.0,0.0,2024,2
10105,20231120,1.0,29.34,2024,2
10002,20231109,1.0,13.72,2024,2
10016,20231126,1.0,29.63,2024,2
10079,20231109,1.0,32.29,2024,2
10127,20231127,1.0,38.6,2024,2
10047,20231107,1.0,10.98,2024,2
10102,20231127,3.0,40.8,2024,2
10047,20231120,1.0,10.98,2024,2
10039,20231109,1.0,44.85,2024,2
10028,20231106,1.0,205.95,2024,2
10078,20231106,22.0,22.44,2024,2
10116,20231107,1.0,22.07,2024,2
10076,20231118,282.0,0.0,2024,2
10027,20231116,1.0,138.16,2024,2
10084,20231126,1.0,39.65,2024,2
10043,20231116,10.0,50.9,2024,2
10081,20231121,2.0,17.32,2024,2
10069,20231128,1.0,7.8,2024,2
10078,20231116,10.0,10.2,2024,2
10047,20231110,1.0,10.98,2024,2
10002,20231103,1.0,13.72,2024,2
10076,20231110,516.5,0.0,2024,2
10000,20231123,2.0,22.2,2024,2
10032,20231116,1.0,18.61,2024,2
10069,20231130,2.0,15.6,2024,2
10000,20231118,7.0,77.7,2024,2
10078,20231125,5.0,5.1,2024,2
10004,20231110,1.0,8.38,2024,2
10081,20231123,1.0,8.66,2024,2
10061,20231108,1.0,17.79,2024,2
10000,20231108,10.0,111.0,2024,2
10109,20231106,2.0,169.52,2024,2
10026,20231107,1.0,175.63,2024,2
10007,20231224,1.0,43.46,2024,3
10080,20231208,1.0,10.66,2024,3
10030,20231226,2.0,61.48,2024,3
10075,20231218,1.0,135.97,2024,3
10019,20231211,1.0,36.84,2024,3
10077,20231213,1.0,38.33,2024,3
10101,20231227,1.0,80.99,2024,3
10132,20231225,1.0,18.58,2024,3
10002,20231217,1.0,13.72,2024,3
10075,20231208,1.0,135.97,2024,3
10076,20231225,239.0,0.0,2024,3
10064,20231202,1.0,15.81,2024,3
10081,20231227,7.0,60.62,2024,3
10076,20231228,269.0,0.0,2024,3
10087,20231230,1.0,41.36,2024,3
10065,20231229,1.0,15.32,2024,3
10078,20231217,3.0,3.06,2024,3
10081,20231231,2.0,17.32,2024,3
10132,20231221,2.0,37.16,2024,3
10093,20231205,1.0,14.29,2024,3
10076,20231221,218.0,0.0,2024,3
10080,20231214,1.0,10.66,2024,3
10078,20231214,4.0,4.08,2024,3
10078,20231204,18.0,18.36,2024,3
10021,20231207,1.0,177.06,2024,3
10078,20231207,7.0,7.14,2024,3
10057,20231213,4.0,49.32,2024,3
10065,20231223,2.0,30.64,2024,3
10039,20231213,1.0,44.85,2024,3
10050,20231203,1.0,13.2,2024,3
10000,20231224,2.0,22.2,2024,3
10069,20231210,1.0,7.8,2024,3
10057,20231219,1.0,12.33,2024,3
10000,20231227,2.0,22.2,2024,3
10014,20231210,1.0,17.59,2024,3
10141,20231227,1.0,148.45,2024,3
10078,20231212,9.0,9.18,2024,3
10078,20231202,10.0,10.2,2024,3
10077,20231219,1.0,38.33,2024,3
10044,20231204,1.0,38.52,2024,3
10099,20231202,1.0,0.0,2024,3
10078,20231226,10.0,10.2,2024,3
10050,20231231,1.0,13.2,2024,3
10076,20231227,214.0,0.0,2024,3
10034,20231228,1.0,13.83,2024,3
10095,20231206,1.0,30.51,2024,3
10085,20231204,1.0,54.34,2024,3
10069,20231220,3.0,23.4,2024,3
10099,20231226,1.0,0.0,2024,3
10102,20231226,1.0,13.6,2024,3
10078,20231230,7.0,7.14,2024,3
10064,20231214,1.0,15.81,2024,3
10105,20231228,1.0,29.34,2024,3
10075,20231213,1.0,135.97,2024,3
10132,20231223,1.0,18.58,2024,3
10047,20231223,1.0,10.98,2024,3
10003,20231216,1.0,10.79,2024,3
10076,20231223,222.0,0.0,2024,3
10030,20231202,2.0,61.48,2024,3
10014,20231206,1.0,17.59,2024,3
10056,20240101,2.0,29.5,2024,3
10048,20231214,1.0,9.66,2024,3
10065,20231222,1.0,15.32,2024,3
10099,20231210,1.0,0.0,2024,3
10017,20231221,1.0,32.2,2024,3
10102,20231210,1.0,13.6,2024,3
10095,20231215,1.0,30.51,2024,3
10069,20231207,3.0,23.4,2024,3
10014,20231207,3.0,52.77,2024,3
10004,20231222,1.0,8.38,2024,3
10000,20231231,1.0,11.1,2024,3
10081,20231212,1.0,8.66,2024,3
10095,20231224,2.0,61.02,2024,3
10012,20231226,1.0,0.0,2024,3
10120,20231214,2.0,39.28,2024,3
10076,20231224,199.0,0.0,2024,3
10041,20231206,1.0,55.52,2024,3
10080,20231220,1.0,10.66,2024,3
10133,20231208,1.0,0.0,2024,3
10078,20231218,17.0,17.34,2024,3
10012,20231230,1.0,0.0,2024,3
10069,20231216,2.0,15.6,2024,3
10076,20231231,240.0,0.0,2024,3
10076,20231205,236.0,0.0,2024,3
10132,20231231,1.0,18.58,2024,3
10027,20231218,1.0,138.16,2024,3
10069,20231225,2.0,15.6,2024,3
10140,20231231,1.0,0.0,2024,3
10032,20231220,2.0,37.22,2024,3
10095,20231209,1.0,30.51,2024,3
10012,20231204,1.0,0.0,2024,3
10076,20231219,236.0,0.0,2024,3
10076,20231209,220.0,0.0,2024,3
10002,20231227,1.0,13.72,2024,3
10076,20231215,255.0,0.0,2024,3
10078,20231208,54.0,55.08,2024,3
10069,20231206,1.0,7.8,2024,3
10069,20231229,1.0,7.8,2024,3
10076,20231222,237.0,0.0,2024,3
10064,20231210,1.0,15.81,2024,3
10048,20231202,1.0,9.66,2024,3
10099,20231207,1.0,0.0,2024,3
10009,20231206,1.0,77.43,2024,3
10002,20231208,1.0,13.72,2024,3
10095,20231203,2.0,61.02,2024,3
10000,20231228,2.0,22.2,2024,3
10076,20231203,160.0,0.0,2024,3
10076,20231213,300.0,0.0,2024,3
10080,20231225,1.0,10.66,2024,3
10078,20231225,7.0,7.14,2024,3
10132,20231213,3.0,55.74,2024,3
10039,20231214,1.0,44.85,2024,3
10080,20231217,2.0,21.32,2024,3
10078,20231220,5.0,5.1,2024,3
10078,20231206,4.0,4.08,2024,3
10078,20231229,9.0,9.18,2024,3
10100,20231209,1.0,68.64,2024,3
10081,20231218,1.0,8.66,2024,3
10123,20231220,1.0,23.19,2024,3
10132,20231222,3.0,55.74,2024,3
10080,20231216,1.0,10.66,2024,3
10078,20231210,9.0,9.18,2024,3
10078,20231216,6.0,6.12,2024,3
10069,20231205,5.0,39.0,2024,3
10097,20231230,1.0,132.77,2024,3
10102,20231231,2.0,27.2,2024,3
10044,20231225,2.0,77.04,2024,3
10016,20231223,1.0,29.63,2024,3
10014,20231208,2.0,35.18,2024,3
10032,20231203,1.0,18.61,2024,3
10000,20231230,8.0,88.8,2024,3
10076,20231202,244.0,0.0,2024,3
10095,20231226,4.0,122.04,2024,3
10069,20231222,1.0,7.8,2024,3
10096,20231222,1.0,54.79,2024,3
10000,20231204,1.0,11.1,2024,3
10069,20231219,1.0,7.8,2024,3
10120,20231223,1.0,19.64,2024,3
10070,20231225,1.0,31.0,2024,3
10076,20231212,197.0,0.0,2024,3
10084,20231214,2.0,79.3,2024,3
10002,20231219,1.0,13.72,2024,3
10060,20231226,1.0,84.32,2024,3
10128,20231230,1.0,74.04,2024,3
10052,20231222,1.0,37.9,2024,3
10048,20231210,1.0,9.66,2024,3
10105,20231218,1.0,29.34,2024,3
10078,20231228,12.0,12.24,2024,3
10076,20231217,232.0,0.0,2024,3
10076,20231207,188.0,0.0,2024,3
10069,20231224,1.0,7.8,2024,3
10102,20231227,1.0,13.6,2024,3
10038,20231227,1.0,114.02,2024,3
10030,20231213,1.0,30.74,2024,3
10113,20231228,1.0,12.38,2024,3
10069,20231227,2.0,15.6,2024,3
10095,20231208,1.0,30.51,2024,3
10078,20231221,9.0,9.18,2024,3
10126,20231226,1.0,16.78,2024,3
10131,20231219,1.0,16.38,2024,3
10000,20231226,27.0,299.7,2024,3
10102,20231221,1.0,13.6,2024,3
10021,20231223,1.0,177.06,2024,3
10078,20231223,7.0,7.14,2024,3
10000,20231229,1.0,11.1,2024,3
10002,20231221,2.0,27.44,2024,3
10069,20231208,3.0,23.4,2024,3
10048,20231216,1.0,9.66,2024,3
10063,20231202,1.0,14.38,2024,3
10067,20231204,1.0,118.88,2024,3
10003,20231203,1.0,10.79,2024,3
10007,20231209,2.0,86.92,2024,3
10081,20231226,1.0,8.66,2024,3
10076,20231226,237.0,0.0,2024,3
10030,20231205,1.0,30.74,2024,3
10014,20231222,1.0,17.59,2024,3
10003,20231213,1.0,10.79,2024,3
10017,20231203,1.0,32.2,2024,3
10076,20231211,213.0,0.0,2024,3
10095,20231230,1.0,30.51,2024,3
10069,20231203,2.0,15.6,2024,3
10032,20231227,1.0,18.61,2024,3
10076,20231230,201.0,0.0,2024,3
10012,20231228,1.0,0.0,2024,3
10132,20231204,1.0,18.58,2024,3
10056,20231230,1.0,14.75,2024,3
10078,20231227,6.0,6.12,2024,3
10113,20231224,3.0,37.14,2024,3
10041,20231208,1.0,55.52,2024,3
10054,20231205,1.0,10.82,2024,3
10078,20231219,13.0,13.26,2024,3
10076,20231204,240.0,0.0,2024,3
10080,20231228,3.0,31.98,2024,3
10102,20231224,1.0,13.6,2024,3
10132,20240101,1.0,18.58,2024,3
10041,20231209,1.0,55.52,2024,3
10065,20231231,1.0,15.32,2024,3
10043,20231219,2.0,10.18,2024,3
10127,20231205,1.0,38.6,2024,3
10000,20231202,8.0,88.8,2024,3
10076,20240101,259.0,0.0,2024,3
10099,20231205,1.0,0.0,2024,3
10076,20231214,253.0,0.0,2024,3
10129,20240101,1.0,15.53,2024,3
10078,20240101,9.0,9.18,2024,3
10078,20231209,8.0,8.16,2024,3
10069,20231212,1.0,7.8,2024,3
10012,20231222,5.0,0.0,2024,3
10014,20231209,2.0,35.18,2024,3
10105,20231216,1.0,29.34,2024,3
10039,20231207,1.0,44.85,2024,3
10027,20240101,1.0,138.16,2024,3
10077,20231223,1.0,38.33,2024,3
10097,20231220,1.0,132.77,2024,3
10085,20231224,1.0,54.34,2024,3
10078,20231211,10.0,10.2,2024,3
10051,20231206,1.0,21.68,2024,3
10032,20231211,1.0,18.61,2024,3
10054,20231211,4.0,43.28,2024,3
10132,20231206,1.0,18.58,2024,3
10069,20231202,1.0,7.8,2024,3
10094,20231208,1.0,292.75,2024,3
10028,20231211,1.0,205.95,2024,3
10078,20231224,8.0,8.16,2024,3
10140,20231230,1.0,0.0,2024,3
10084,20231216,1.0,39.65,2024,3
10030,20231212,2.0,61.48,2024,3
10048,20231213,1.0,9.66,2024,3
10021,20231215,1.0,177.06,2024,3
10076,20231218,209.0,0.0,2024,3
10078,20231215,11.0,11.22,2024,3
10076,20231208,308.0,0.0,2024,3
10078,20231205,13.0,13.26,2024,3
10132,20231217,1.0,18.58,2024,3
10017,20231228,1.0,32.2,2024,3
10132,20231207,2.0,37.16,2024,3
10069,20231228,3.0,23.4,2024,3
10093,20231207,1.0,14.29,2024,3
10089,20231230,1.0,0.0,2024,3
10050,20231217,1.0,13.2,2024,3
10054,20240101,1.0,10.82,2024,3
10048,20231203,1.0,9.66,2024,3
10002,20231213,1.0,13.72,2024,3
10102,20231204,1.0,13.6,2024,3
10068,20231224,1.0,6.5,2024,3
10000,20231225,2.0,22.2,2024,3
10080,20231222,1.0,10.66,2024,3
10076,20231216,200.0,0.0,2024,3
10078,20231222,2.0,2.04,2024,3
10106,20231206,2.0,54.86,2024,3
10099,20231208,1.0,0.0,2024,3
10048,20231215,1.0,9.66,2024,3
10057,20231206,2.0,24.66,2024,3
10057,20231229,3.0,36.99,2024,3
10001,20231230,1.0,38.05,2024,3
10030,20231228,1.0,30.74,2024,3
10000,20231206,2.0,22.2,2024,3
10087,20231203,1.0,41.36,2024,3
10078,20231213,10.0,10.2,2024,3
10078,20231203,7.0,7.14,2024,3
10069,20240101,5.0,39.0,2024,3
10014,20231211,1.0,17.59,2024,3
10100,20231212,1.0,68.64,2024,3
10057,20231210,1.0,12.33,2024,3
10131,20231230,1.0,16.38,2024,3
10067,20231220,1.0,118.88,2024,3
10013,20231230,1.0,0.0,2024,3
10012,20231224,1.0,0.0,2024,3
10109,20231223,1.0,84.76,2024,3
10076,20231206,245.0,0.0,2024,3
10076,20231229,214.0,0.0,2024,3
10056,20231220,2.0,29.5,2024,3
10095,20231210,1.0,30.51,2024,3
10076,20231220,255.0,0.0,2024,3
10034,20231218,1.0,13.83,2024,3
10078,20231231,8.0,8.16,2024,3
10076,20231210,237.0,0.0,2024,3
10065,20231218,1.0,15.32,2024,3
10048,20231219,1.0,9.66,2024,3
10069,20231230,5.0,39.0,2024,3
10093,20231216,1.0,14.29,2024,3
10027,20231209,1.0,138.16,2024,3
10132,20231220,1.0,18.58,2024,3
10014,20231230,1.0,17.59,2024,3
10041,20240101,1.0,55.52,2024,3
10056,20231216,1.0,14.75,2024,3
10047,20231218,1.0,10.98,2024,3
10132,20240113,2.0,37.16,2024,4
10054,20240130,1.0,10.82,2024,4
10078,20240130,10.0,10.2,2024,4
10000,20240126,5.0,55.5,2024,4
10027,20240130,2.0,276.32,2024,4
10148,20240131,1.0,17.56,2024,4
10078,20240119,12.5,12.75,2024,4
10078,20240109,5.0,5.1,2024,4
10005,20240113,2.0,39.28,2024,4
10014,20240111,1.0,17.59,2024,4
10008,20240102,1.0,109.81,2024,4
10078,20240122,7.0,7.14,2024,4
10070,20240119,1.0,31.0,2024,4
10070,20240121,2.0,62.0,2024,4
10002,20240114,1.0,13.72,2024,4
10076,20240126,191.0,0.0,2024,4
10069,20240111,2.0,15.6,2024,4
10078,20240114,6.0,6.12,2024,4
10013,20240117,1.0,0.0,2024,4
10078,20240121,10.0,10.2,2024,4
10078,20240125,4.0,4.08,2024,4
10069,20240123,1.0,7.8,2024,4
10109,20240118,1.0,84.76,2024,4
10014,20240123,1.0,17.59,2024,4
10087,20240127,1.0,41.36,2024,4
10065,20240115,1.0,15.32,2024,4
10076,20240128,186.0,0.0,2024,4
10078,20240127,8.0,8.16,2024,4
10078,20240104,13.0,13.26,2024,4
10039,20240124,1.0,44.85,2024,4
10068,20240119,1.0,6.5,2024,4
10048,20240109,1.0,9.66,2024,4
10102,20240120,3.0,40.8,2024,4
10092,20240112,6.0,35.22,2024,4
10069,20240120,9.0,70.2,2024,4
10146,20240114,2.0,0.0,2024,4
10102,20240107,0.0,0.0,2024,4
10134,20240102,2.0,35.24,2024,4
10014,20240107,1.0,17.59,2024,4
10039,20240116,1.0,44.85,2024,4
10113,20240110,1.0,12.38,2024,4
10095,20240102,1.0,30.51,2024,4
10076,20240102,267.0,0.0,2024,4
10102,20240111,1.0,13.6,2024,4
10052,20240107,1.0,37.9,2024,4
10069,20240110,2.0,15.6,2024,4
10105,20240126,1.0,29.34,2024,4
10000,20240108,1.0,11.1,2024,4
10078,20240131,6.0,6.12,2024,4
10132,20240105,4.0,74.32,2024,4
10047,20240115,1.0,10.98,2024,4
10012,20240127,1.0,0.0,2024,4
10076,20240115,252.0,0.0,2024,4
10076,20240105,168.0,0.0,2024,4
10088,20240110,1.0,13.83,2024,4
10131,20240111,4.0,65.52,2024,4
10069,20240125,2.0,15.6,2024,4
10014,20240125,2.0,35.18,2024,4
10099,20240120,1.0,0.0,2024,4
10059,20240116,1.0,15.22,2024,4
10146,20240115,1.0,0.0,2024,4
10080,20240107,1.0,10.66,2024,4
10076,20240108,186.0,0.0,2024,4
10078,20240107,5.0,5.1,2024,4
10126,20240111,1.0,16.78,2024,4
10078,20240120,8.0,8.16,2024,4
10109,20240114,1.0,84.76,2024,4
10129,20240112,1.0,15.53,2024,4
10035,20240119,1.0,42.91,2024,4
10070,20240123,1.0,31.0,2024,4
10078,20240110,12.0,12.24,2024,4
10047,20240118,1.0,10.98,2024,4
10076,20240124,150.0,0.0,2024,4
10078,20240123,7.0,7.14,2024,4
10070,20240102,1.0,31.0,2024,4
10054,20240102,3.0,32.46,2024,4
10078,20240117,8.0,8.16,2024,4
10076,20240118,189.0,0.0,2024,4
10039,20240109,1.0,44.85,2024,4
10075,20240130,1.0,135.97,2024,4
10080,20240102,2.0,21.32,2024,4
10039,20240122,1.0,44.85,2024,4
10078,20240102,16.0,16.32,2024,4
10078,20240115,6.0,6.12,2024,4
10109,20240130,1.0,84.76,2024,4
10095,20240111,1.0,30.51,2024,4
10144,20240104,1.0,44.52,2024,4
10076,20240111,227.0,0.0,2024,4
10093,20240114,2.0,28.58,2024,4
10075,20240109,1.0,135.97,2024,4
10078,20240112,4.0,4.08,2024,4
10052,20240110,1.0,37.9,2024,4
10047,20240129,1.0,10.98,2024,4
10014,20240121,1.0,17.59,2024,4
10109,20240122,1.0,84.76,2024,4
10136,20240131,1.0,113.61,2024,4
10076,20240129,215.0,0.0,2024,4
10067,20240124,1.0,118.88,2024,4
10132,20240116,1.0,18.58,2024,4
10097,20240124,1.0,132.77,2024,4
10005,20240116,1.0,19.64,2024,4
10048,20240122,1.0,9.66,2024,4
10057,20240124,1.0,12.33,2024,4
10021,20240120,1.0,177.06,2024,4
10069,20240105,1.0,7.8,2024,4
10139,20240123,1.0,26.66,2024,4
10041,20240123,1.0,55.52,2024,4
10069,20240115,1.0,7.8,2024,4
10030,20240112,2.0,61.48,2024,4
10097,20240130,1.0,132.77,2024,4
10004,20240116,2.0,16.76,2024,4
10132,20240103,2.0,37.16,2024,4
10003,20240131,1.0,10.79,2024,4
10125,20240111,1.0,27.93,2024,4
10014,20240112,1.0,17.59,2024,4
10148,20240128,1.0,17.56,2024,4
10076,20240103,229.0,0.0,2024,4
10011,20240103,1.0,30.44,2024,4
10097,20240109,1.0,132.77,2024,4
10048,20240117,1.0,9.66,2024,4
10069,20240131,4.0,31.2,2024,4
10139,20240129,1.0,26.66,2024,4
10102,20240102,1.0,13.6,2024,4
10076,20240116,210.0,0.0,2024,4
10069,20240112,1.0,7.8,2024,4
10004,20240113,1.0,8.38,2024,4
10076,20240106,210.0,0.0,2024,4
10069,20240102,1.0,7.8,2024,4
10076,20240113,299.0,0.0,2024,4
10011,20240113,1.0,30.44,2024,4
10087,20240128,1.0,41.36,2024,4
10014,20240131,2.0,35.18,2024,4
10014,20240126,2.0,35.18,2024,4
10047,20240111,1.0,10.98,2024,4
10136,20240126,1.0,113.61,2024,4
10078,20240128,10.0,10.2,2024,4
10076,20240130,218.0,0.0,2024,4
10142,20240111,5.0,47.0,2024,4
10014,20240118,2.0,35.18,2024,4
10000,20240125,2.0,22.2,2024,4
10076,20240109,253.0,0.0,2024,4
10112,20240128,3.0,19.38,2024,4
10076,20240122,179.0,0.0,2024,4
10046,20240129,1.0,56.34,2024,4
10056,20240122,1.0,14.75,2024,4
10109,20240112,1.0,84.76,2024,4
10076,20240119,186.0,0.0,2024,4
10014,20240108,2.0,35.18,2024,4
10019,20240115,1.0,36.84,2024,4
10048,20240120,1.0,9.66,2024,4
10076,20240121,221.0,0.0,2024,4
10076,20240125,189.0,0.0,2024,4
10082,20240109,2.0,0.0,2024,4
10054,20240126,1.0,10.82,2024,4
10056,20240121,2.0,29.5,2024,4
10076,20240127,193.0,0.0,2024,4
10078,20240126,6.0,6.12,2024,4
10078,20240113,8.0,8.16,2024,4
10076,20240114,159.0,0.0,2024,4
10084,20240131,1.0,39.65,2024,4
10076,20240104,223.0,0.0,2024,4
10078,20240103,11.0,11.22,2024,4
10093,20240111,1.0,14.29,2024,4
10057,20240122,2.0,24.66,2024,4
10069,20240124,1.0,7.8,2024,4
10070,20240128,1.0,31.0,2024,4
10132,20240114,3.0,55.74,2024,4
10095,20240130,1.0,30.51,2024,4
10041,20240108,1.0,55.52,2024,4
10080,20240129,1.0,10.66,2024,4
10126,20240131,1.0,16.78,2024,4
10037,20240121,1.0,88.14,2024,4
10000,20240114,1.0,11.1,2024,4
10059,20240131,1.0,15.22,2024,4
10050,20240110,1.0,13.2,2024,4
10069,20240106,3.0,23.4,2024,4
10014,20240106,1.0,17.59,2024,4
10065,20240109,1.0,15.32,2024,4
10140,20240119,1.0,0.0,2024,4
10093,20240110,1.0,14.29,2024,4
10069,20240116,2.0,15.6,2024,4
10000,20240104,1.0,11.1,2024,4
10002,20240115,-1.0,-13.72,2024,4
10097,20240114,1.0,132.77,2024,4
10014,20240113,1.0,17.59,2024,4
10076,20240131,262.0,0.0,2024,4
10038,20240113,1.0,114.02,2024,4
10146,20240129,1.0,0.0,2024,4
10047,20240127,1.0,10.98,2024,4
10056,20240131,4.0,59.0,2024,4
10069,20240113,1.0,7.8,2024,4
10146,20240118,3.0,0.0,2024,4
10106,20240110,1.0,27.43,2024,4
10064,20240126,1.0,15.81,2024,4
10026,20240130,1.0,175.63,2024,4
10081,20240107,1.0,8.66,2024,4
10051,20240111,1.0,21.68,2024,4
10003,20240113,1.0,10.79,2024,4
10078,20240105,7.0,7.14,2024,4
10043,20240129,6.0,30.54,2024,4
10076,20240112,303.0,0.0,2024,4
10069,20240119,3.0,23.4,2024,4
10105,20240112,1.0,29.34,2024,4
10014,20240119,2.0,35.18,2024,4
10097,20240126,1.0,132.77,2024,4
10000,20240117,7.0,77.7,2024,4
10078,20240129,9.0,9.18,2024,4
10069,20240104,1.0,7.8,2024,4
10145,20240125,2.0,27.2,2024,4
10120,20240103,1.0,19.64,2024,4
10000,20240115,1.0,11.1,2024,4
10078,20240108,11.0,11.22,2024,4
10005,20240102,1.0,19.64,2024,4
10064,20240118,1.0,15.81,2024,4
10017,20240130,1.0,32.2,2024,4
10112,20240129,2.0,12.92,2024,4
10076,20240123,222.0,0.0,2024,4
10014,20240130,2.0,35.18,2024,4
10078,20240118,7.0,7.14,2024,4
10002,20240108,1.0,13.72,2024,4
10014,20240122,1.0,17.59,2024,4
10078,20240124,6.0,6.12,2024,4
10078,20240111,1.0,1.02,2024,4
10076,20240117,238.0,0.0,2024,4
10105,20240117,1.0,29.34,2024,4
10064,20240124,1.0,15.81,2024,4
10070,20240111,2.0,62.0,2024,4
10035,20240128,1.0,42.91,2024,4
10144,20240128,1.0,44.52,2024,4
10032,20240116,1.0,18.61,2024,4
10084,20240112,1.0,39.65,2024,4
10000,20240110,3.0,33.3,2024,4
10076,20240107,166.0,0.0,2024,4
10146,20240116,1.0,0.0,2024,4
10018,20240117,1.0,50.9,2024,4
10081,20240112,1.0,8.66,2024,4
10086,20240113,1.0,15.79,2024,4
10132,20240122,1.0,18.58,2024,4
10054,20240109,1.0,10.82,2024,4
10076,20240120,200.0,0.0,2024,4
10076,20240110,230.0,0.0,2024,4
10140,20240120,1.0,0.0,2024,4
10069,20240130,8.0,62.4,2024,4
10067,20240107,1.0,118.88,2024,4
10019,20240111,1.0,36.84,2024,4
10041,20240124,1.0,55.52,2024,4
10093,20240131,1.0,14.29,2024,4
10106,20240112,3.0,82.29,2024,4
10008,20240104,1.0,109.81,2024,4
10021,20240111,1.0,177.06,2024,4
10100,20240104,1.0,68.64,2024,4
10001,20240130,1.0,38.05,2024,4
10078,20240116,6.0,6.12,2024,4
10146,20240130,1.0,0.0,2024,4
10032,20240127,2.0,37.22,2024,4
10054,20240127,1.0,10.82,2024,4
10135,20240116,1.0,15.37,2024,4
10028,20240127,1.0,205.95,2024,4
10137,20240122,1.0,137.02,2024,4
10064,20240103,2.0,31.62,2024,4
10048,20240108,1.0,9.66,2024,4
10106,20240123,1.0,27.43,2024,4
10050,20240115,1.0,13.2,2024,4
10080,20240106,1.0,10.66,2024,4
10122,20240103,1.0,6.67,2024,4
10081,20240115,1.0,8.66,2024,4
10078,20240106,9.0,9.18,2024,4
10078,20240224,14.0,14.28,2024,5
10083,20240209,1.0,301.64,2024,5
10078,20240201,9.0,9.18,2024,5
10070,20240223,1.0,31.0,2024,5
10078,20240216,7.0,7.14,2024,5
10051,20240207,1.0,21.68,2024,5
10068,20240302,8.0,52.0,2024,5
10078,20240202,8.0,8.16,2024,5
10043,20240229,1.0,5.09,2024,5
10135,20240206,1.0,15.37,2024,5
10078,20240223,3.0,3.06,2024,5
10013,20240203,1.0,0.0,2024,5
10080,20240229,1.0,10.66,2024,5
10054,20240206,2.0,21.64,2024,5
10078,20240229,2.0,2.04,2024,5
10156,20240301,1.0,44.71,2024,5
10078,20240212,8.0,8.16,2024,5
10078,20240211,6.0,6.12,2024,5
10050,20240221,1.0,13.2,2024,5
10084,20240225,1.0,39.65,2024,5
10078,20240228,4.0,4.08,2024,5
10017,20240203,1.0,32.2,2024,5
10051,20240222,1.0,21.68,2024,5
10131,20240302,1.0,16.38,2024,5
10069,20240203,1.0,7.8,2024,5
10109,20240226,1.0,84.76,2024,5
10002,20240228,1.0,13.72,2024,5
10093,20240222,1.0,14.29,2024,5
10094,20240211,1.0,292.75,2024,5
10069,20240213,5.0,39.0,2024,5
10154,20240222,1.0,23.62,2024,5
10069,20240216,2.0,15.6,2024,5
10032,20240213,1.0,18.61,2024,5
10076,20240204,165.0,0.0,2024,5
10152,20240210,2.0,111.3,2024,5
10038,20240224,1.0,114.02,2024,5
10092,20240227,3.0,17.61,2024,5
10030,20240205,1.0,30.74,2024,5
10095,20240220,1.0,30.51,2024,5
10076,20240225,202.0,0.0,2024,5
10076,20240220,186.0,0.0,2024,5
10144,20240207,2.0,89.04,2024,5
10137,20240208,1.0,137.02,2024,5
10062,20240225,1.0,223.69,2024,5
10068,20240201,1.0,6.5,2024,5
10014,20240202,1.0,17.59,2024,5
10043,20240228,4.0,20.36,2024,5
10030,20240213,1.0,30.74,2024,5
10124,20240219,1.0,11.43,2024,5
10148,20240214,1.0,17.56,2024,5
10069,20240206,5.0,39.0,2024,5
10014,20240206,2.0,35.18,2024,5
10132,20240208,1.0,18.58,2024,5
10146,20240201,2.0,0.0,2024,5
10076,20240208,228.0,0.0,2024,5
10069,20240209,3.0,23.4,2024,5
10106,20240217,1.0,27.43,2024,5
10054,20240224,2.0,21.64,2024,5
10043,20240224,2.0,10.18,2024,5
10014,20240216,1.0,17.59,2024,5
10104,20240212,1.0,554.64,2024,5
10095,20240218,1.0,30.51,2024,5
10146,20240211,2.0,0.0,2024,5
10138,20240214,1.0,50.09,2024,5
10076,20240226,216.0,0.0,2024,5
10009,20240214,1.0,77.43,2024,5
10076,20240213,188.0,0.0,2024,5
10070,20240227,3.0,93.0,2024,5
10069,20240212,1.0,7.8,2024,5
10054,20240204,1.0,10.82,2024,5
10054,20240227,1.0,10.82,2024,5
10076,20240301,199.0,0.0,2024,5
10144,20240229,1.0,44.52,2024,5
10078,20240204,3.0,3.06,2024,5
10078,20240227,8.0,8.16,2024,5
10148,20240215,1.0,17.56,2024,5
10129,20240217,1.0,15.53,2024,5
10016,20240202,3.0,88.89,2024,5
10095,20240213,1.0,30.51,2024,5
10087,20240211,1.0,41.36,2024,5
10151,20240226,1.0,68.35,2024,5
10076,20240203,209.0,0.0,2024,5
10069,20240202,2.0,15.6,2024,5
10069,20240211,1.0,7.8,2024,5
10078,20240214,4.0,4.08,2024,5
10069,20240223,1.0,7.8,2024,5
10000,20240222,1.0,11.1,2024,5
10056,20240203,1.0,14.75,2024,5
10129,20240214,1.0,15.53,2024,5
10048,20240216,1.0,9.66,2024,5
10043,20240214,0.0,0.0,2024,5
10078,20240218,11.0,11.22,2024,5
10062,20240228,1.0,223.69,2024,5
10061,20240301,1.0,17.79,2024,5
10126,20240301,2.0,33.56,2024,5
10043,20240218,2.0,10.18,2024,5
10102,20240205,2.0,27.2,2024,5
10070,20240208,1.0,31.0,2024,5
10078,20240221,6.0,6.12,2024,5
10025,20240210,1.0,148.36,2024,5
10087,20240208,1.0,41.36,2024,5
10109,20240229,1.0,84.76,2024,5
10078,20240208,5.0,5.1,2024,5
10089,20240217,1.0,0.0,2024,5
10094,20240212,1.0,292.75,2024,5
10057,20240203,1.0,12.33,2024,5
10076,20240210,239.0,0.0,2024,5
10041,20240223,1.0,55.52,2024,5
10102,20240208,1.0,13.6,2024,5
10038,20240208,1.0,114.02,2024,5
10069,20240208,2.0,15.6,2024,5
10078,20240219,12.0,12.24,2024,5
10084,20240221,1.0,39.65,2024,5
10043,20240202,2.0,10.18,2024,5
10014,20240208,2.0,35.18,2024,5
10132,20240210,1.0,18.58,2024,5
10043,20240223,6.0,30.54,2024,5
10014,20240214,2.0,35.18,2024,5
10146,20240203,1.0,0.0,2024,5
10047,20240213,1.0,10.98,2024,5
10048,20240228,2.0,19.32,2024,5
10027,20240223,1.0,138.16,2024,5
10047,20240203,1.0,10.98,2024,5
10099,20240212,1.0,0.0,2024,5
10076,20240217,227.0,0.0,2024,5
10038,20240202,2.0,228.04,2024,5
10076,20240207,205.0,0.0,2024,5
10038,20240211,1.0,114.02,2024,5
10021,20240206,1.0,177.06,2024,5
10078,20240206,9.0,9.18,2024,5
10069,20240227,1.0,7.8,2024,5
10002,20240202,1.0,13.72,2024,5
10156,20240229,1.0,44.71,2024,5
10109,20240222,2.0,169.52,2024,5
10064,20240206,1.0,15.81,2024,5
10061,20240210,1.0,17.79,2024,5
10069,20240220,2.0,15.6,2024,5
10054,20240212,2.0,21.64,2024,5
10043,20240212,6.0,30.54,2024,5
10078,20240209,7.0,7.14,2024,5
10145,20240204,1.0,13.6,2024,5
10078,20240205,18.0,18.36,2024,5
10106,20240225,1.0,27.43,2024,5
10078,20240302,9.0,9.18,2024,5
10002,20240219,2.0,27.44,2024,5
10145,20240214,2.0,27.2,2024,5
10078,20240215,9.0,9.18,2024,5
10069,20240221,2.0,15.6,2024,5
10154,20240216,1.0,23.62,2024,5
10132,20240202,1.0,18.58,2024,5
10099,20240217,1.0,0.0,2024,5
10134,20240207,1.0,17.62,2024,5
10056,20240215,12.0,177.0,2024,5
10076,20240202,225.0,0.0,2024,5
10056,20240216,4.0,59.0,2024,5
10076,20240223,149.5,0.0,2024,5
10109,20240218,1.0,84.76,2024,5
10080,20240217,1.0,10.66,2024,5
10056,20240202,1.0,14.75,2024,5
10067,20240211,1.0,118.88,2024,5
10032,20240217,2.0,37.22,2024,5
10043,20240207,4.0,20.36,2024,5
10059,20240215,1.0,15.22,2024,5
10002,20240227,1.0,13.72,2024,5
10000,20240201,3.0,33.3,2024,5
10076,20240228,185.0,0.0,2024,5
10076,20240212,269.5,0.0,2024,5
10099,20240207,1.0,0.0,2024,5
10102,20240207,2.0,27.2,2024,5
10056,20240228,1.0,14.75,2024,5
10076,20240211,300.0,0.0,2024,5
10000,20240216,1.0,11.1,2024,5
10094,20240226,1.0,292.75,2024,5
10014,20240207,2.0,35.18,2024,5
10061,20240229,1.0,17.79,2024,5
10129,20240224,1.0,15.53,2024,5
10076,20240224,152.0,0.0,2024,5
10012,20240208,1.0,0.0,2024,5
10092,20240224,4.0,23.48,2024,5
10076,20240201,193.0,0.0,2024,5
10000,20240212,2.0,22.2,2024,5
10014,20240217,1.0,17.59,2024,5
10011,20240201,1.0,30.44,2024,5
10078,20240222,10.0,10.2,2024,5
10000,20240203,8.0,88.8,2024,5
10065,20240210,2.0,30.64,2024,5
10145,20240205,2.0,27.2,2024,5
10014,20240302,2.0,35.18,2024,5
10004,20240222,1.0,8.38,2024,5
10122,20240208,1.0,6.67,2024,5
10065,20240226,1.0,15.32,2024,5
10000,20240228,1.0,11.1,2024,5
10131,20240207,2.0,32.76,2024,5
10076,20240229,286.0,0.0,2024,5
10126,20240302,2.0,33.56,2024,5
10070,20240220,1.0,31.0,2024,5
10068,20240208,2.0,13.0,2024,5
10050,20240219,1.0,13.2,2024,5
10000,20240215,9.0,99.9,2024,5
10078,20240225,9.0,9.18,2024,5
10078,20240220,6.0,6.12,2024,5
10000,20240213,2.0,22.2,2024,5
10154,20240223,1.0,23.62,2024,5
10093,20240209,1.0,14.29,2024,5
10129,20240212,1.0,15.53,2024,5
10146,20240222,2.0,0.0,2024,5
10032,20240221,3.0,55.83,2024,5
10139,20240224,1.0,26.66,2024,5
10069,20240205,3.0,23.4,2024,5
10047,20240201,1.0,10.98,2024,5
10069,20240302,4.0,31.2,2024,5
10069,20240217,2.0,15.6,2024,5
10146,20240301,1.0,0.0,2024,5
10078,20240213,16.0,16.32,2024,5
10054,20240226,2.0,21.64,2024,5
10043,20240226,6.0,30.54,2024,5
10007,20240211,1.0,43.46,2024,5
10076,20240227,242.0,0.0,2024,5
10017,20240224,1.0,32.2,2024,5
10078,20240226,11.0,11.22,2024,5
10008,20240206,1.0,109.81,2024,5
10003,20240301,1.0,10.79,2024,5
10093,20240223,1.0,14.29,2024,5
10069,20240224,3.0,23.4,2024,5
10135,20240301,2.0,30.74,2024,5
10129,20240206,1.0,15.53,2024,5
10078,20240301,8.0,8.16,2024,5
10019,20240211,1.0,36.84,2024,5
10154,20240227,1.0,23.62,2024,5
10126,20240208,1.0,16.78,2024,5
10064,20240301,1.0,15.81,2024,5
10079,20240202,1.0,32.29,2024,5
10100,20240216,3.0,205.92,2024,5
10146,20240210,1.0,0.0,2024,5
10080,20240203,2.0,21.32,2024,5
10027,20240301,1.0,138.16,2024,5
10078,20240203,8.0,8.16,2024,5
10076,20240214,231.0,0.0,2024,5
10129,20240302,1.0,15.53,2024,5
10076,20240221,101.0,0.0,2024,5
10126,20240227,1.0,16.78,2024,5
10076,20240218,198.0,0.0,2024,5
10059,20240227,2.0,30.44,2024,5
10001,20240220,1.0,38.05,2024,5
10069,20240210,1.0,7.8,2024,5
10084,20240215,1.0,39.65,2024,5
10148,20240226,1.0,17.56,2024,5
10069,20240228,2.0,15.6,2024,5
10056,20240218,1.0,14.75,2024,5
10014,20240210,1.0,17.59,2024,5
10076,20240222,283.0,0.0,2024,5
10056,20240208,1.0,14.75,2024,5
10134,20240301,1.0,17.62,2024,5
10150,20240215,2.0,42.96,2024,5
10003,20240224,1.0,10.79,2024,5
10132,20240201,1.0,18.58,2024,5
10154,20240215,1.0,23.62,2024,5
10147,20240209,1.0,190.56,2024,5
10032,20240210,1.0,18.61,2024,5
10000,20240211,1.0,11.1,2024,5
10143,20240203,1.0,21.6,2024,5
10076,20240215,303.0,0.0,2024,5
10129,20240201,1.0,15.53,2024,5
10041,20240229,1.0,55.52,2024,5
10151,20240224,1.0,68.35,2024,5
10048,20240203,1.0,9.66,2024,5
10005,20240209,1.0,19.64,2024,5
10076,20240219,215.0,0.0,2024,5
10014,20240222,1.0,17.59,2024,5
10101,20240218,1.0,80.99,2024,5
10078,20240217,9.0,9.18,2024,5
10018,20240221,1.0,50.9,2024,5
10113,20240226,1.0,12.38,2024,5
10095,20240206,1.0,30.51,2024,5
10076,20240216,198.0,0.0,2024,5
10043,20240225,4.0,20.36,2024,5
10076,20240206,295.0,0.0,2024,5
10054,20240225,1.0,10.82,2024,5
10069,20240226,5.0,39.0,2024,5
10070,20240207,1.0,31.0,2024,5
10056,20240206,1.0,14.75,2024,5
10047,20240216,1.0,10.98,2024,5
10129,20240211,1.0,15.53,2024,5
10102,20240229,2.0,27.2,2024,5
10078,20240207,8.0,8.16,2024,5
10076,20240209,234.0,0.0,2024,5
10076,20240205,299.0,0.0,2024,5
10126,20240219,1.0,16.78,2024,5
10069,20240229,1.0,7.8,2024,5
10092,20240228,3.0,17.61,2024,5
10097,20240202,1.0,132.77,2024,5
10112,20240301,1.0,6.46,2024,5
10076,20240302,138.0,0.0,2024,5
10000,20240227,2.0,22.2,2024,5
10000,20240223,9.0,99.9,2024,5
10081,20240211,2.0,17.32,2024,5
10047,20240224,1.0,10.98,2024,5
10059,20240223,1.0,15.22,2024,5
10078,20240210,11.0,11.22,2024,5
10141,20240220,1.0,148.45,2024,5
10049,20240205,1.0,98.43,2024,5
10027,20240210,1.0,138.16,2024,5
10112,20240319,1.0,6.46,2024,6
10048,20240306,1.0,9.66,2024,6
10078,20240312,10.0,10.2,2024,6
10076,20240327,199.0,0.0,2024,6
10146,20240306,1.0,0.0,2024,6
10002,20240319,1.0,13.72,2024,6
10150,20240310,1.0,21.48,2024,6
10052,20240313,1.0,37.9,2024,6
10014,20240327,1.0,17.59,2024,6
10150,20240320,2.0,42.96,2024,6
10150,20240323,4.0,85.92,2024,6
10002,20240309,1.0,13.72,2024,6
10021,20240319,1.0,177.06,2024,6
10080,20240306,1.0,10.66,2024,6
10085,20240331,1.0,54.34,2024,6
10000,20240317,1.0,11.1,2024,6
10060,20240304,1.0,84.32,2024,6
10000,20240310,1.0,11.1,2024,6
10000,20240326,1.0,11.1,2024,6
10069,20240305,1.0,7.8,2024,6
10014,20240305,1.0,17.59,2024,6
10078,20240331,8.0,8.16,2024,6
10069,20240315,1.0,7.8,2024,6
10102,20240316,2.0,27.2,2024,6
10145,20240321,2.0,27.2,2024,6
10078,20240315,6.0,6.12,2024,6
10076,20240310,282.0,0.0,2024,6
10014,20240318,1.0,17.59,2024,6
10076,20240326,238.0,0.0,2024,6
10069,20240330,5.0,39.0,2024,6
10078,20240328,6.0,6.12,2024,6
10076,20240314,188.0,0.0,2024,6
10078,20240401,5.0,5.1,2024,6
10105,20240323,2.0,58.68,2024,6
10069,20240311,2.0,15.6,2024,6
10014,20240321,1.0,17.59,2024,6
10081,20240307,2.0,17.32,2024,6
10078,20240323,6.0,6.12,2024,6
10002,20240308,1.0,13.72,2024,6
10087,20240305,1.0,41.36,2024,6
10064,20240323,1.0,15.81,2024,6
10076,20240320,290.0,0.0,2024,6
10067,20240326,1.0,118.88,2024,6
10078,20240305,14.0,14.28,2024,6
10069,20240324,5.0,39.0,2024,6
10052,20240311,1.0,37.9,2024,6
10014,20240308,3.0,52.77,2024,6
10137,20240310,1.0,137.02,2024,6
10014,20240313,1.0,17.59,2024,6
10030,20240311,1.0,30.74,2024,6
10030,20240312,1.0,30.74,2024,6
10145,20240318,1.0,13.6,2024,6
10005,20240310,1.0,19.64,2024,6
10000,20240324,2.0,22.2,2024,6
10069,20240303,1.0,7.8,2024,6
10076,20240329,202.0,0.0,2024,6
10096,20240312,1.0,54.79,2024,6
10128,20240329,1.0,74.04,2024,6
10075,20240319,1.0,135.97,2024,6
10076,20240322,188.0,0.0,2024,6
10106,20240319,1.0,27.43,2024,6
10078,20240311,7.0,7.14,2024,6
10076,20240317,159.0,0.0,2024,6
10081,20240324,1.0,8.66,2024,6
10027,20240311,1.0,138.16,2024,6
10094,20240303,1.0,292.75,2024,6
10122,20240328,3.0,20.01,2024,6
10048,20240313,1.0,9.66,2024,6
10093,20240312,1.0,14.29,2024,6
10095,20240305,1.0,30.51,2024,6
10150,20240324,1.0,21.48,2024,6
10076,20240305,151.0,0.0,2024,6
10131,20240305,2.0,32.76,2024,6
10076,20240307,298.0,0.0,2024,6
10034,20240305,3.0,41.49,2024,6
10069,20240327,3.0,23.4,2024,6
10146,20240312,1.0,0.0,2024,6
10097,20240401,1.0,132.77,2024,6
10078,20240321,6.0,6.12,2024,6
10153,20240313,1.0,39.84,2024,6
10047,20240320,2.0,21.96,2024,6
10109,20240312,1.0,84.76,2024,6
10122,20240316,1.0,6.67,2024,6
10005,20240327,1.0,19.64,2024,6
10000,20240323,6.0,66.6,2024,6
10093,20240328,1.0,14.29,2024,6
10014,20240320,1.0,17.59,2024,6
10058,20240314,1.0,17.12,2024,6
10065,20240315,1.0,15.32,2024,6
10043,20240327,0.0,0.0,2024,6
10129,20240326,1.0,15.53,2024,6
10078,20240316,1.0,1.02,2024,6
10076,20240324,235.0,0.0,2024,6
10014,20240329,2.0,35.18,2024,6
10080,20240325,1.0,10.66,2024,6
10144,20240325,0.0,0.0,2024,6
10048,20240304,1.0,9.66,2024,6
10078,20240325,6.0,6.12,2024,6
10002,20240321,1.0,13.72,2024,6
10061,20240331,1.0,17.79,2024,6
10069,20240320,1.0,7.8,2024,6
10078,20240318,11.0,11.22,2024,6
10154,20240309,3.0,70.86,2024,6
10109,20240314,1.0,84.76,2024,6
10078,20240308,7.0,7.14,2024,6
10129,20240307,1.0,15.53,2024,6
10131,20240303,1.0,16.38,2024,6
10056,20240319,1.0,14.75,2024,6
10004,20240324,1.0,8.38,2024,6
10078,20240306,3.0,3.06,2024,6
10002,20240325,1.0,13.72,2024,6
10002,20240313,1.0,13.72,2024,6
10078,20240303,4.0,4.08,2024,6
10000,20240322,1.0,11.1,2024,6
10094,20240310,1.0,292.75,2024,6
10002,20240306,1.0,13.72,2024,6
10027,20240303,1.0,138.16,2024,6
10014,20240315,1.0,17.59,2024,6
10030,20240327,3.0,92.22,2024,6
10080,20240313,1.0,10.66,2024,6
10078,20240313,2.0,2.04,2024,6
10002,20240316,1.0,13.72,2024,6
10078,20240330,11.0,11.22,2024,6
10000,20240319,1.0,11.1,2024,6
10043,20240310,1.0,5.09,2024,6
10076,20240309,223.0,0.0,2024,6
10102,20240329,2.0,27.2,2024,6
10030,20240304,1.0,30.74,2024,6
10000,20240303,1.0,11.1,2024,6
10078,20240326,8.0,8.16,2024,6
10076,20240312,221.0,0.0,2024,6
10078,20240327,4.0,4.08,2024,6
10130,20240308,1.0,91.16,2024,6
10038,20240310,1.0,114.02,2024,6
10146,20240314,1.0,0.0,2024,6
10014,20240322,3.0,52.77,2024,6
10159,20240309,1.0,120.71,2024,6
10097,20240328,1.0,132.77,2024,6
10032,20240320,2.0,37.22,2024,6
10061,20240328,1.0,17.79,2024,6
10076,20240319,252.0,0.0,2024,6
10048,20240330,1.0,9.66,2024,6
10057,20240313,1.0,12.33,2024,6
10103,20240324,1.0,24.94,2024,6
10131,20240320,1.0,16.38,2024,6
10068,20240327,1.0,6.5,2024,6
10105,20240331,1.0,29.34,2024,6
10076,20240331,155.0,0.0,2024,6
10146,20240310,1.0,0.0,2024,6
10145,20240326,2.0,27.2,2024,6
10146,20240322,1.0,0.0,2024,6
10039,20240315,1.0,44.85,2024,6
10069,20240314,5.0,39.0,2024,6
10014,20240304,1.0,17.59,2024,6
10002,20240317,1.0,13.72,2024,6
10106,20240305,4.0,109.72,2024,6
10102,20240314,1.0,13.6,2024,6
10146,20240320,2.0,0.0,2024,6
10057,20240305,1.0,12.33,2024,6
10035,20240313,1.0,42.91,2024,6
10076,20240328,219.0,0.0,2024,6
10078,20240329,8.0,8.16,2024,6
10000,20240305,1.0,11.1,2024,6
10007,20240303,1.0,43.46,2024,6
10068,20240320,1.0,6.5,2024,6
10070,20240310,1.0,31.0,2024,6
10078,20240314,3.0,3.06,2024,6
10126,20240306,1.0,16.78,2024,6
10129,20240309,1.0,15.53,2024,6
10076,20240401,194.0,0.0,2024,6
10076,20240315,191.0,0.0,2024,6
10043,20240317,4.0,20.36,2024,6
10078,20240310,7.0,7.14,2024,6
10144,20240324,1.0,44.52,2024,6
10076,20240323,200.0,0.0,2024,6
10132,20240306,1.0,18.58,2024,6
10017,20240309,1.0,32.2,2024,6
10078,20240320,10.0,10.2,2024,6
10069,20240325,6.0,46.8,2024,6
10000,20240315,2.0,22.2,2024,6
10043,20240304,3.0,15.27,2024,6
10059,20240315,1.0,15.22,2024,6
10102,20240323,1.0,13.6,2024,6
10078,20240304,9.0,9.18,2024,6
10141,20240311,1.0,148.45,2024,6
10057,20240312,1.0,12.33,2024,6
10008,20240331,1.0,109.81,2024,6
10061,20240312,1.0,17.79,2024,6
10002,20240307,1.0,13.72,2024,6
10069,20240306,5.0,39.0,2024,6
10102,20240307,1.0,13.6,2024,6
10014,20240306,1.0,17.59,2024,6
10000,20240308,8.0,88.8,2024,6
10067,20240323,5.0,594.4,2024,6
10084,20240312,1.0,39.65,2024,6
10099,20240317,1.0,0.0,2024,6
10109,20240308,1.0,84.76,2024,6
10014,20240316,1.0,17.59,2024,6
10154,20240331,1.0,23.62,2024,6
10078,20240317,1.0,1.02,2024,6
10090,20240304,1.0,30.56,2024,6
10069,20240319,6.0,46.8,2024,6
10014,20240319,2.0,35.18,2024,6
10078,20240322,13.0,13.26,2024,6
10102,20240401,1.0,13.6,2024,6
10043,20240324,2.0,10.18,2024,6
10003,20240319,1.0,10.79,2024,6
10061,20240330,1.0,17.79,2024,6
10076,20240304,210.0,0.0,2024,6
10000,20240328,8.0,88.8,2024,6
10099,20240326,1.0,0.0,2024,6
10078,20240307,4.0,4.08,2024,6
10056,20240321,1.0,14.75,2024,6
10077,20240306,1.0,38.33,2024,6
10014,20240307,1.0,17.59,2024,6
10086,20240329,1.0,15.79,2024,6
10076,20240321,206.0,0.0,2024,6
10014,20240312,1.0,17.59,2024,6
10061,20240306,1.0,17.79,2024,6
10129,20240328,1.0,15.53,2024,6
10041,20240322,1.0,55.52,2024,6
10076,20240311,157.0,0.0,2024,6
10062,20240315,1.0,223.69,2024,6
10076,20240313,219.0,0.0,2024,6
10109,20240305,1.0,84.76,2024,6
10139,20240323,1.0,26.66,2024,6
10057,20240303,1.0,12.33,2024,6
10076,20240325,212.0,0.0,2024,6
10080,20240309,1.0,10.66,2024,6
10070,20240324,1.0,31.0,2024,6
10076,20240308,354.0,0.0,2024,6
10078,20240309,6.0,6.12,2024,6
10101,20240303,1.0,80.99,2024,6
10026,20240304,1.0,175.63,2024,6
10047,20240306,1.0,10.98,2024,6
10150,20240327,2.0,42.96,2024,6
10076,20240316,187.0,0.0,2024,6
10056,20240308,1.0,14.75,2024,6
10078,20240324,6.0,6.12,2024,6
10054,20240319,3.0,32.46,2024,6
10043,20240319,1.0,5.09,2024,6
10076,20240306,197.0,0.0,2024,6
10095,20240318,1.0,30.51,2024,6
10069,20240326,1.0,7.8,2024,6
10004,20240321,1.0,8.38,2024,6
10087,20240319,1.0,41.36,2024,6
10078,20240319,7.0,7.14,2024,6
10076,20240318,205.0,0.0,2024,6
10096,20240309,1.0,54.79,2024,6
10005,20240316,1.0,19.64,2024,6
10145,20240328,1.0,13.6,2024,6
10076,20240303,164.0,0.0,2024,6
10038,20240323,1.0,114.02,2024,6
10094,20240401,1.0,292.75,2024,6
10050,20240320,1.0,13.2,2024,6
10046,20240323,1.0,56.34,2024,6
10043,20240331,1.0,5.09,2024,6
10047,20240330,1.0,10.98,2024,6
10137,20240318,1.0,137.02,2024,6
10076,20240330,164.0,0.0,2024,6
10144,20240329,1.0,44.52,2024,6
10134,20240309,1.0,17.62,2024,6
10047,20240311,1.0,10.98,2024,6
10001,20240323,1.0,38.05,2024,6
10080,20240418,4.0,42.64,2024,7
10076,20240413,182.0,0.0,2024,7
10054,20240405,1.0,10.82,2024,7
10078,20240418,2.0,2.04,2024,7
10080,20240502,1.0,10.66,2024,7
10102,20240426,2.0,27.2,2024,7
10078,20240415,8.0,8.16,2024,7
10065,20240406,1.0,15.32,2024,7
10078,20240405,4.0,4.08,2024,7
10064,20240411,1.0,15.81,2024,7
10043,20240415,4.0,20.36,2024,7
10076,20240403,206.0,0.0,2024,7
10002,20240422,1.0,13.72,2024,7
10078,20240408,14.0,14.28,2024,7
10153,20240410,1.0,39.84,2024,7
10078,20240411,9.0,9.18,2024,7
10069,20240423,5.0,39.0,2024,7
10109,20240417,1.0,84.76,2024,7
10096,20240405,1.0,54.79,2024,7
10145,20240410,1.0,13.6,2024,7
10153,20240423,1.0,39.84,2024,7
10007,20240428,1.0,43.46,2024,7
10038,20240402,1.0,114.02,2024,7
10153,20240418,1.0,39.84,2024,7
10154,20240403,2.0,47.24,2024,7
10030,20240426,1.0,30.74,2024,7
10069,20240402,5.0,39.0,2024,7
10057,20240417,1.0,12.33,2024,7
10038,20240404,1.0,114.02,2024,7
10061,20240407,1.0,17.79,2024,7
10032,20240409,1.0,18.61,2024,7
10001,20240416,2.0,76.1,2024,7
10027,20240412,1.0,138.16,2024,7
10069,20240416,1.0,7.8,2024,7
10129,20240427,1.0,15.53,2024,7
10139,20240406,1.0,26.66,2024,7
10122,20240418,1.0,6.67,2024,7
10078,20240409,12.0,12.24,2024,7
10078,20240426,3.0,3.06,2024,7
10014,20240420,1.0,17.59,2024,7
10092,20240413,2.0,11.74,2024,7
10047,20240407,1.0,10.98,2024,7
10028,20240412,1.0,205.95,2024,7
10078,20240502,8.0,8.16,2024,7
10076,20240407,177.0,0.0,2024,7
10081,20240407,2.0,17.32,2024,7
10056,20240407,1.0,14.75,2024,7
10143,20240425,1.0,21.6,2024,7
10054,20240411,1.0,10.82,2024,7
10038,20240423,1.0,114.02,2024,7
10004,20240407,1.0,8.38,2024,7
10087,20240402,1.0,41.36,2024,7
10076,20240417,178.0,0.0,2024,7
10080,20240411,1.0,10.66,2024,7
10031,20240419,2.0,33.24,2024,7
10000,20240425,6.0,66.6,2024,7
10052,20240427,1.0,37.9,2024,7
10003,20240404,1.0,10.79,2024,7
10078,20240419,1.0,1.02,2024,7
10102,20240402,1.0,13.6,2024,7
10002,20240424,1.0,13.72,2024,7
10122,20240408,1.0,6.67,2024,7
10148,20240411,1.0,17.56,2024,7
10070,20240430,1.0,31.0,2024,7
10069,20240404,1.0,7.8,2024,7
10078,20240501,6.0,6.12,2024,7
10044,20240424,1.0,38.52,2024,7
10078,20240430,10.0,10.2,2024,7
10073,20240428,2.0,60.76,2024,7
10056,20240425,2.0,29.5,2024,7
10129,20240502,1.0,15.53,2024,7
10076,20240423,144.0,0.0,2024,7
10078,20240428,9.0,9.18,2024,7
10043,20240406,1.0,5.09,2024,7
10150,20240411,1.0,21.48,2024,7
10047,20240402,1.0,10.98,2024,7
10102,20240410,3.0,40.8,2024,7
10062,20240417,1.0,223.69,2024,7
10076,20240412,171.0,0.0,2024,7
10000,20240429,2.0,22.2,2024,7
10102,20240422,2.0,27.2,2024,7
10076,20240402,235.0,0.0,2024,7
10019,20240419,1.0,36.84,2024,7
10003,20240408,1.0,10.79,2024,7
10128,20240407,1.0,74.04,2024,7
10069,20240422,5.0,39.0,2024,7
10014,20240422,1.0,17.59,2024,7
10043,20240416,4.0,20.36,2024,7
10057,20240501,3.0,36.99,2024,7
10145,20240427,1.0,13.6,2024,7
10084,20240407,1.0,39.65,2024,7
10048,20240415,1.0,9.66,2024,7
10076,20240421,154.0,0.0,2024,7
10000,20240424,1.0,11.1,2024,7
10076,20240425,190.0,0.0,2024,7
10019,20240404,1.0,36.84,2024,7
10076,20240427,202.0,0.0,2024,7
10030,20240408,1.0,30.74,2024,7
10054,20240410,1.0,10.82,2024,7
10086,20240406,1.0,15.79,2024,7
10032,20240422,1.0,18.61,2024,7
10103,20240416,1.0,24.94,2024,7
10003,20240406,0.0,0.0,2024,7
10080,20240422,1.0,10.66,2024,7
10078,20240410,8.0,8.16,2024,7
10087,20240422,1.0,41.36,2024,7
10078,20240422,11.0,11.22,2024,7
10078,20240416,10.0,10.2,2024,7
10148,20240404,1.0,17.56,2024,7
10078,20240406,11.0,11.22,2024,7
10102,20240427,1.0,13.6,2024,7
10078,20240420,9.0,9.18,2024,7
10014,20240406,1.0,17.59,2024,7
10014,20240502,1.0,17.59,2024,7
10019,20240428,1.0,36.84,2024,7
10003,20240416,1.0,10.79,2024,7
10050,20240501,1.0,13.2,2024,7
10078,20240404,4.0,4.08,2024,7
10096,20240408,1.0,54.79,2024,7
10076,20240429,176.0,0.0,2024,7
10044,20240416,1.0,38.52,2024,7
10078,20240414,4.0,4.08,2024,7
10047,20240427,2.0,21.96,2024,7
10052,20240408,1.0,37.9,2024,7
10064,20240414,1.0,15.81,2024,7
10105,20240426,1.0,29.34,2024,7
10078,20240413,11.0,11.22,2024,7
10076,20240422,217.0,0.0,2024,7
10061,20240404,1.0,17.79,2024,7
10144,20240418,2.0,89.04,2024,7
10102,20240421,1.0,13.6,2024,7
10069,20240421,4.0,31.2,2024,7
10043,20240407,4.0,20.36,2024,7
10069,20240425,1.0,7.8,2024,7
10159,20240419,1.0,120.71,2024,7
10054,20240407,4.0,43.28,2024,7
10014,20240425,1.0,17.59,2024,7
10076,20240418,276.0,0.0,2024,7
10078,20240417,7.0,7.14,2024,7
10076,20240408,227.0,0.0,2024,7
10057,20240430,1.0,12.33,2024,7
10019,20240427,1.0,36.84,2024,7
10076,20240411,218.0,0.0,2024,7
10076,20240415,262.0,0.0,2024,7
10054,20240403,2.0,21.64,2024,7
10144,20240408,1.0,44.52,2024,7
10031,20240403,2.0,33.24,2024,7
10056,20240415,2.0,29.5,2024,7
10150,20240402,2.0,42.96,2024,7
10078,20240403,5.0,5.1,2024,7
10057,20240418,1.0,12.33,2024,7
10059,20240426,1.0,15.22,2024,7
10095,20240419,1.0,30.51,2024,7
10084,20240408,1.0,39.65,2024,7
10059,20240418,1.0,15.22,2024,7
10092,20240419,3.0,17.61,2024,7
10048,20240427,2.0,19.32,2024,7
10059,20240411,1.0,15.22,2024,7
10000,20240405,2.0,22.2,2024,7
10005,20240411,1.0,19.64,2024,7
10095,20240409,1.0,30.51,2024,7
10076,20240502,179.0,0.0,2024,7
10154,20240412,1.0,23.62,2024,7
10069,20240429,6.0,46.8,2024,7
10148,20240424,1.0,17.56,2024,7
10095,20240502,1.0,30.51,2024,7
10102,20240417,6.0,81.6,2024,7
10003,20240413,3.0,32.37,2024,7
10076,20240405,192.0,0.0,2024,7
10105,20240423,1.0,29.34,2024,7
10129,20240414,1.0,15.53,2024,7
10031,20240407,1.0,16.62,2024,7
10136,20240421,1.0,113.61,2024,7
10076,20240424,177.0,0.0,2024,7
10125,20240426,1.0,27.93,2024,7
10084,20240409,-1.0,-39.65,2024,7
10078,20240407,4.0,4.08,2024,7
10092,20240418,4.0,23.48,2024,7
10004,20240419,1.0,8.38,2024,7
10003,20240403,1.0,10.79,2024,7
10145,20240422,1.0,13.6,2024,7
10096,20240424,1.0,54.79,2024,7
10083,20240422,1.0,301.64,2024,7
10005,20240409,1.0,19.64,2024,7
10000,20240412,1.0,11.1,2024,7
10151,20240402,1.0,68.35,2024,7
10076,20240419,238.0,0.0,2024,7
10148,20240425,1.0,17.56,2024,7
10014,20240413,1.0,17.59,2024,7
10095,20240430,2.0,61.02,2024,7
10076,20240501,192.0,0.0,2024,7
10076,20240430,211.0,0.0,2024,7
10047,20240501,1.0,10.98,2024,7
10091,20240406,1.0,106.77,2024,7
10005,20240419,1.0,19.64,2024,7
10039,20240404,1.0,44.85,2024,7
10047,20240409,1.0,10.98,2024,7
10054,20240425,1.0,10.82,2024,7
10065,20240421,2.0,30.64,2024,7
10000,20240402,8.0,88.8,2024,7
10076,20240409,287.0,0.0,2024,7
10076,20240426,165.0,0.0,2024,7
10000,20240411,5.0,55.5,2024,7
10102,20240501,1.0,13.6,2024,7
10078,20240425,5.0,5.1,2024,7
10144,20240427,2.0,89.04,2024,7
10076,20240428,126.0,0.0,2024,7
10078,20240427,12.0,12.24,2024,7
10048,20240408,3.0,28.98,2024,7
10109,20240404,1.0,84.76,2024,7
10078,20240412,12.0,12.24,2024,7
10014,20240411,2.0,35.18,2024,7
10078,20240423,3.0,3.06,2024,7
10151,20240410,1.0,68.35,2024,7
10078,20240424,3.0,3.06,2024,7
10153,20240409,2.0,79.68,2024,7
10085,20240412,1.0,54.34,2024,7
10080,20240407,1.0,10.66,2024,7
10105,20240416,1.0,29.34,2024,7
10078,20240402,15.0,15.3,2024,7
10137,20240418,1.0,137.02,2024,7
10081,20240416,1.0,8.66,2024,7
10044,20240427,2.0,77.04,2024,7
10109,20240427,1.0,84.76,2024,7
10059,20240428,1.0,15.22,2024,7
10057,20240416,1.0,12.33,2024,7
10061,20240416,1.0,17.79,2024,7
10043,20240501,4.0,20.36,2024,7
10151,20240408,1.0,68.35,2024,7
10078,20240429,8.0,8.16,2024,7
10070,20240425,1.0,31.0,2024,7
10097,20240416,1.0,132.77,2024,7
10143,20240416,1.0,21.6,2024,7
10075,20240408,1.0,135.97,2024,7
10138,20240408,1.0,50.09,2024,7
10019,20240418,1.0,36.84,2024,7
10112,20240412,1.0,6.46,2024,7
10043,20240427,2.0,10.18,2024,7
10003,20240409,1.0,10.79,2024,7
10046,20240415,1.0,56.34,2024,7
10078,20240421,11.0,11.22,2024,7
10076,20240414,196.0,0.0,2024,7
10097,20240404,1.0,132.77,2024,7
10069,20240417,6.0,46.8,2024,7
10047,20240428,1.0,10.98,2024,7
10076,20240410,215.0,0.0,2024,7
10014,20240417,2.0,35.18,2024,7
10144,20240502,1.0,44.52,2024,7
10113,20240501,1.0,12.38,2024,7
10048,20240402,1.0,9.66,2024,7
10043,20240413,2.0,10.18,2024,7
10102,20240415,1.0,13.6,2024,7
10047,20240414,1.0,10.98,2024,7
10076,20240406,184.0,0.0,2024,7
10069,20240419,1.0,7.8,2024,7
10131,20240413,1.0,16.38,2024,7
10069,20240409,8.0,62.4,2024,7
10103,20240425,1.0,24.94,2024,7
10002,20240427,1.0,13.72,2024,7
10041,20240403,2.0,111.04,2024,7
10014,20240409,1.0,17.59,2024,7
10055,20240429,2.0,0.0,2024,7
10076,20240416,160.0,0.0,2024,7
10005,20240414,2.0,39.28,2024,7
10081,20240418,1.0,8.66,2024,7
10069,20240405,1.0,7.8,2024,7
10076,20240420,164.0,0.0,2024,7
10076,20240404,246.0,0.0,2024,7
10069,20240407,3.0,23.4,2024,7
10151,20240406,1.0,68.35,2024,7
10142,20240412,1.0,9.4,2024,7
10057,20240410,1.0,12.33,2024,7
10069,20240424,2.0,15.6,2024,7
10001,20240409,1.0,38.05,2024,7
10000,20240410,3.0,33.3,2024,7
10061,20240418,1.0,17.79,2024,7
10057,20240422,3.0,36.99,2024,7
10000,20240418,6.0,66.6,2024,7
10095,20240420,1.0,30.51,2024,7
10001,20240415,1.0,38.05,2024,7
10070,20240421,2.0,62.0,2024,7
10061,20240512,1.0,17.79,2024,8
10136,20240527,2.0,227.22,2024,8
10000,20240512,2.0,22.2,2024,8
10078,20240531,4.0,4.08,2024,8
10061,20240520,1.0,17.79,2024,8
10080,20240514,1.0,10.66,2024,8
10032,20240523,1.0,18.61,2024,8
10078,20240514,5.0,5.1,2024,8
10081,20240505,1.0,8.66,2024,8
10105,20240518,1.0,29.34,2024,8
10063,20240505,1.0,14.38,2024,8
10078,20240523,3.0,3.06,2024,8
10069,20240602,2.0,15.6,2024,8
10064,20240523,1.0,15.81,2024,8
10129,20240503,1.0,15.53,2024,8
10061,20240510,1.0,17.79,2024,8
10081,20240518,2.0,17.32,2024,8
10025,20240508,1.0,148.36,2024,8
10080,20240504,1.0,10.66,2024,8
10084,20240517,2.0,79.3,2024,8
10078,20240504,6.0,6.12,2024,8
10027,20240504,1.0,138.16,2024,8
10014,20240511,1.0,17.59,2024,8
10084,20240529,1.0,39.65,2024,8
10076,20240601,150.0,0.0,2024,8
10078,20240526,4.0,4.08,2024,8
10002,20240504,1.0,13.72,2024,8
10097,20240529,1.0,132.77,2024,8
10122,20240509,1.0,6.67,2024,8
10160,20240517,1.0,92.74,2024,8
10056,20240513,3.0,44.25,2024,8
10069,20240521,4.0,31.2,2024,8
10069,20240527,8.0,62.4,2024,8
10014,20240510,2.0,35.18,2024,8
10076,20240528,194.0,0.0,2024,8
10069,20240522,20.0,156.0,2024,8
10047,20240525,2.0,21.96,2024,8
10159,20240506,1.0,120.71,2024,8
10095,20240525,1.0,30.51,2024,8
10125,20240506,1.0,27.93,2024,8
10076,20240513,236.0,0.0,2024,8
10131,20240504,1.0,16.38,2024,8
10067,20240506,1.0,118.88,2024,8
10095,20240508,1.0,30.51,2024,8
10076,20240529,308.0,0.0,2024,8
10102,20240528,3.0,40.8,2024,8
10054,20240514,1.0,10.82,2024,8
10109,20240519,1.0,84.76,2024,8
10131,20240530,1.0,16.38,2024,8
10062,20240508,1.0,223.69,2024,8
10076,20240503,162.0,0.0,2024,8
10067,20240516,1.0,118.88,2024,8
10056,20240503,2.0,29.5,2024,8
10032,20240509,1.0,18.61,2024,8
10069,20240511,1.0,7.8,2024,8
10113,20240504,2.0,24.76,2024,8
10054,20240526,2.0,21.64,2024,8
10032,20240530,1.0,18.61,2024,8
10131,20240521,2.0,32.76,2024,8
10076,20240517,151.0,0.0,2024,8
10000,20240528,2.0,22.2,2024,8
10076,20240512,216.0,0.0,2024,8
10067,20240529,1.0,118.88,2024,8
10076,20240506,208.0,0.0,2024,8
10076,20240520,208.0,0.0,2024,8
10099,20240530,1.0,0.0,2024,8
10079,20240509,1.0,32.29,2024,8
10076,20240510,202.0,0.0,2024,8
10047,20240507,1.0,10.98,2024,8
10076,20240507,212.0,0.0,2024,8
10094,20240505,1.0,292.75,2024,8
10078,20240513,18.0,18.36,2024,8
10099,20240506,1.0,0.0,2024,8
10069,20240601,1.0,7.8,2024,8
10131,20240519,1.0,16.38,2024,8
10031,20240602,1.0,16.62,2024,8
10076,20240524,203.0,0.0,2024,8
10093,20240514,1.0,14.29,2024,8
10089,20240510,1.0,0.0,2024,8
10047,20240529,1.0,10.98,2024,8
10032,20240511,1.0,18.61,2024,8
10078,20240525,12.0,12.24,2024,8
10057,20240527,1.0,12.33,2024,8
10076,20240518,187.0,0.0,2024,8
10010,20240510,1.0,122.33,2024,8
10129,20240515,1.0,15.53,2024,8
10076,20240508,166.0,0.0,2024,8
10087,20240511,1.0,41.36,2024,8
10078,20240521,14.0,14.28,2024,8
10078,20240511,3.0,3.06,2024,8
10084,20240528,1.0,39.65,2024,8
10069,20240528,2.0,15.6,2024,8
10032,20240503,1.0,18.61,2024,8
10047,20240518,1.0,10.98,2024,8
10014,20240525,1.0,17.59,2024,8
10004,20240508,1.0,8.38,2024,8
10141,20240507,1.0,148.45,2024,8
10078,20240516,6.0,6.12,2024,8
10062,20240509,1.0,223.69,2024,8
10078,20240530,5.0,5.1,2024,8
10054,20240522,3.0,32.46,2024,8
10043,20240506,4.0,20.36,2024,8
10014,20240530,1.0,17.59,2024,8
10078,20240522,5.0,5.1,2024,8
10078,20240506,3.0,3.06,2024,8
10067,20240518,1.0,118.88,2024,8
10109,20240508,1.0,84.76,2024,8
10086,20240523,1.0,15.79,2024,8
10102,20240506,1.0,13.6,2024,8
10069,20240506,1.0,7.8,2024,8
10104,20240526,1.0,554.64,2024,8
10043,20240602,2.0,10.18,2024,8
10018,20240510,1.0,50.9,2024,8
10069,20240512,7.0,54.6,2024,8
10078,20240602,6.0,6.12,2024,8
10095,20240505,2.0,61.02,2024,8
10076,20240515,177.0,0.0,2024,8
10046,20240516,1.0,56.34,2024,8
10102,20240525,2.0,27.2,2024,8
10076,20240505,283.0,0.0,2024,8
10069,20240525,3.0,23.4,2024,8
10030,20240506,3.0,92.22,2024,8
10046,20240525,1.0,56.34,2024,8
10102,20240516,2.0,27.2,2024,8
10000,20240507,2.0,22.2,2024,8
10061,20240531,1.0,17.79,2024,8
10069,20240516,2.0,15.6,2024,8
10032,20240601,1.0,18.61,2024,8
10041,20240512,1.0,55.52,2024,8
10078,20240509,5.0,5.1,2024,8
10159,20240505,1.0,120.71,2024,8
10061,20240524,2.0,35.58,2024,8
10142,20240507,2.0,18.8,2024,8
10076,20240527,220.0,0.0,2024,8
10000,20240524,12.0,133.2,2024,8
10078,20240601,5.0,5.1,2024,8
10030,20240602,3.0,92.22,2024,8
10106,20240508,5.0,137.15,2024,8
10050,20240507,1.0,13.2,2024,8
10080,20240601,1.0,10.66,2024,8
10081,20240531,2.0,17.32,2024,8
10078,20240519,12.0,12.24,2024,8
10030,20240512,1.0,30.74,2024,8
10159,20240515,1.0,120.71,2024,8
10131,20240520,1.0,16.38,2024,8
10052,20240517,1.0,37.9,2024,8
10002,20240527,1.0,13.72,2024,8
10069,20240518,1.0,7.8,2024,8
10126,20240526,4.0,67.12,2024,8
10076,20240523,167.0,0.0,2024,8
10128,20240523,1.0,74.04,2024,8
10095,20240504,1.0,30.51,2024,8
10076,20240514,218.0,0.0,2024,8
10104,20240601,1.0,554.64,2024,8
10076,20240504,185.0,0.0,2024,8
10142,20240513,1.0,9.4,2024,8
10069,20240524,4.0,31.2,2024,8
10123,20240512,1.0,23.19,2024,8
10080,20240517,1.0,10.66,2024,8
10099,20240520,1.0,0.0,2024,8
10048,20240522,1.0,9.66,2024,8
10080,20240512,1.0,10.66,2024,8
10076,20240526,157.0,0.0,2024,8
10011,20240509,1.0,30.44,2024,8
10062,20240503,1.0,223.69,2024,8
10078,20240512,18.0,18.36,2024,8
10148,20240510,1.0,17.56,2024,8
10069,20240508,1.0,7.8,2024,8
10030,20240507,1.0,30.74,2024,8
10050,20240506,1.0,13.2,2024,8
10078,20240520,12.0,12.24,2024,8
10057,20240523,1.0,12.33,2024,8
10141,20240525,1.0,148.45,2024,8
10032,20240507,1.0,18.61,2024,8
10078,20240510,4.0,4.08,2024,8
10076,20240531,192.0,0.0,2024,8
10064,20240506,1.0,15.81,2024,8
10097,20240530,1.0,132.77,2024,8
10070,20240528,1.0,31.0,2024,8
10078,20240507,8.0,8.16,2024,8
10054,20240528,1.0,10.82,2024,8
10061,20240509,2.0,35.58,2024,8
10080,20240528,1.0,10.66,2024,8
10002,20240506,1.0,13.72,2024,8
10000,20240526,1.0,11.1,2024,8
10078,20240528,8.0,8.16,2024,8
10068,20240517,2.0,13.0,2024,8
10109,20240601,1.0,84.76,2024,8
10016,20240525,1.0,29.63,2024,8
10078,20240529,4.0,4.08,2024,8
10131,20240515,1.0,16.38,2024,8
10081,20240514,1.0,8.66,2024,8
10031,20240503,1.0,16.62,2024,8
10078,20240517,5.0,5.1,2024,8
10078,20240503,8.0,8.16,2024,8
10069,20240505,3.0,23.4,2024,8
10070,20240512,1.0,31.0,2024,8
10070,20240510,3.0,93.0,2024,8
10069,20240519,5.0,39.0,2024,8
10069,20240509,1.0,7.8,2024,8
10084,20240526,1.0,39.65,2024,8
10145,20240504,2.0,27.2,2024,8
10069,20240515,3.0,23.4,2024,8
10061,20240504,1.0,17.79,2024,8
10061,20240503,1.0,17.79,2024,8
10070,20240524,1.0,31.0,2024,8
10076,20240525,189.0,0.0,2024,8
10081,20240519,2.0,17.32,2024,8
10048,20240505,1.0,9.66,2024,8
10076,20240602,233.0,0.0,2024,8
10076,20240511,218.0,0.0,2024,8
10056,20240525,2.0,29.5,2024,8
10078,20240524,5.0,5.1,2024,8
10069,20240531,1.0,7.8,2024,8
10056,20240521,4.0,59.0,2024,8
10049,20240507,1.0,98.43,2024,8
10031,20240518,2.0,33.24,2024,8
10000,20240522,1.0,11.1,2024,8
10000,20240506,3.0,33.3,2024,8
10076,20240521,133.0,0.0,2024,8
10105,20240503,1.0,29.34,2024,8
10059,20240506,1.0,15.22,2024,8
10002,20240524,1.0,13.72,2024,8
10151,20240511,1.0,68.35,2024,8
10076,20240530,163.0,0.0,2024,8
10061,20240525,1.0,17.79,2024,8
10126,20240525,1.0,16.78,2024,8
10076,20240522,191.0,0.0,2024,8
10076,20240516,216.0,0.0,2024,8
10137,20240521,1.0,137.02,2024,8
10078,20240527,8.0,8.16,2024,8
10105,20240506,1.0,29.34,2024,8
10025,20240527,1.0,148.36,2024,8
10069,20240526,1.0,7.8,2024,8
10002,20240518,1.0,13.72,2024,8
10069,20240514,2.0,15.6,2024,8
10014,20240509,1.0,17.59,2024,8
10005,20240511,1.0,19.64,2024,8
10054,20240531,1.0,10.82,2024,8
10076,20240519,126.0,0.0,2024,8
10102,20240518,3.0,40.8,2024,8
10041,20240524,1.0,55.52,2024,8
10043,20240524,4.0,20.36,2024,8
10126,20240509,1.0,16.78,2024,8
10054,20240524,1.0,10.82,2024,8
10078,20240518,1.0,1.02,2024,8
10098,20240527,1.0,190.62,2024,8
10093,20240513,1.0,14.29,2024,8
10041,20240508,1.0,55.52,2024,8
10078,20240515,7.0,7.14,2024,8
10000,20240601,1.0,11.1,2024,8
10097,20240520,1.0,132.77,2024,8
10069,20240507,1.0,7.8,2024,8
10106,20240506,1.0,27.43,2024,8
10153,20240517,1.0,39.84,2024,8
10046,20240531,1.0,56.34,2024,8
10102,20240524,1.0,13.6,2024,8
10144,20240503,1.0,44.52,2024,8
10008,20240509,1.0,109.81,2024,8
10129,20240521,1.0,15.53,2024,8
10078,20240508,3.0,3.06,2024,8
10113,20240529,1.0,12.38,2024,8
10002,20240520,1.0,13.72,2024,8
10044,20240515,1.0,38.52,2024,8
10026,20240522,1.0,175.63,2024,8
10078,20240505,7.0,7.14,2024,8
10129,20240530,1.0,15.53,2024,8
10076,20240509,185.0,0.0,2024,8
10069,20240529,1.0,7.8,2024,8
10068,20240515,2.0,13.0,2024,8
10095,20240522,1.0,30.51,2024,8
10144,20240506,1.0,44.52,2024,8
10064,20240527,1.0,15.81,2024,8
10081,20240520,1.0,8.66,2024,8
10035,20240613,1.0,42.91,2024,9
10005,20240623,1.0,19.64,2024,9
10078,20240614,6.0,6.12,2024,9
10054,20240625,2.0,21.64,2024,9
10078,20240619,3.0,3.06,2024,9
10076,20240702,215.0,0.0,2024,9
10065,20240622,1.0,15.32,2024,9
10061,20240618,1.0,17.79,2024,9
10076,20240623,117.0,0.0,2024,9
10031,20240604,1.0,16.62,2024,9
10076,20240605,228.0,0.0,2024,9
10078,20240604,90.0,91.8,2024,9
10080,20240609,1.0,10.66,2024,9
10078,20240609,17.0,17.34,2024,9
10159,20240618,1.0,120.71,2024,9
10032,20240627,1.0,18.61,2024,9
10092,20240617,2.0,11.74,2024,9
10065,20240617,1.0,15.32,2024,9
10159,20240623,1.0,120.71,2024,9
10076,20240701,181.0,0.0,2024,9
10093,20240621,1.0,14.29,2024,9
10002,20240609,3.0,41.16,2024,9
10101,20240624,1.0,80.99,2024,9
10054,20240616,2.0,21.64,2024,9
10050,20240611,1.0,13.2,2024,9
10057,20240702,1.0,12.33,2024,9
10056,20240618,3.0,44.25,2024,9
10043,20240606,3.0,15.27,2024,9
10080,20240616,1.0,10.66,2024,9
10122,20240619,1.0,6.67,2024,9
10159,20240615,2.0,241.42,2024,9
10078,20240630,4.0,4.08,2024,9
10057,20240605,1.0,12.33,2024,9
10056,20240615,1.0,14.75,2024,9
10000,20240605,7.0,77.7,2024,9
10052,20240628,1.0,37.9,2024,9
10021,20240612,-1.0,-177.06,2024,9
10076,20240615,272.0,0.0,2024,9
10076,20240612,232.0,0.0,2024,9
10097,20240608,1.0,132.77,2024,9
10098,20240616,1.0,190.62,2024,9
10080,20240614,1.0,10.66,2024,9
10069,20240610,4.0,31.2,2024,9
10081,20240626,1.0,8.66,2024,9
10135,20240614,1.0,15.37,2024,9
10061,20240615,1.0,17.79,2024,9
10094,20240607,1.0,292.75,2024,9
10120,20240624,1.0,19.64,2024,9
10126,20240612,5.0,83.9,2024,9
10008,20240701,1.0,109.81,2024,9
10070,20240603,1.0,31.0,2024,9
10078,20240616,7.0,7.14,2024,9
10085,20240606,1.0,54.34,2024,9
10000,20240629,3.0,33.3,2024,9
10076,20240608,72.0,0.0,2024,9
10078,20240627,8.0,8.16,2024,9
10027,20240627,1.0,138.16,2024,9
10064,20240603,1.0,15.81,2024,9
10000,20240622,6.0,66.6,2024,9
10101,20240629,1.0,80.99,2024,9
10138,20240620,1.0,50.09,2024,9
10078,20240606,7.0,7.14,2024,9
10105,20240611,1.0,29.34,2024,9
10076,20240618,181.0,0.0,2024,9
10069,20240701,4.0,31.2,2024,9
10063,20240613,1.0,14.38,2024,9
10076,20240624,193.0,0.0,2024,9
10080,20240630,1.0,10.66,2024,9
10047,20240629,1.0,10.98,2024,9
10081,20240622,2.0,17.32,2024,9
10076,20240629,339.0,0.0,2024,9
10102,20240607,1.0,13.6,2024,9
10069,20240607,2.0,15.6,2024,9
10126,20240603,1.0,16.78,2024,9
10104,20240627,1.0,554.64,2024,9
10000,20240603,1.0,11.1,2024,9
10003,20240622,2.0,21.58,2024,9
10050,20240609,1.0,13.2,2024,9
10058,20240609,4.0,68.48,2024,9
10067,20240611,1.0,118.88,2024,9
10061,20240613,1.0,17.79,2024,9
10069,20240617,4.0,31.2,2024,9
10000,20240613,6.0,66.6,2024,9
10067,20240624,1.0,118.88,2024,9
10023,20240611,1.0,288.15,2024,9
10000,20240612,3.0,33.3,2024,9
10078,20240628,7.0,7.14,2024,9
10076,20240621,197.0,0.0,2024,9
10057,20240610,2.0,24.66,2024,9
10160,20240611,1.0,92.74,2024,9
10041,20240617,1.0,55.52,2024,9
10003,20240630,1.0,10.79,2024,9
10048,20240702,1.0,9.66,2024,9
10061,20240620,2.0,35.58,2024,9
10076,20240611,192.0,0.0,2024,9
10056,20240613,5.0,73.75,2024,9
10131,20240617,1.0,16.38,2024,9
10078,20240607,4.0,4.08,2024,9
10096,20240701,1.0,54.79,2024,9
10144,20240613,1.0,44.52,2024,9
10076,20240610,224.0,0.0,2024,9
10142,20240609,2.0,18.8,2024,9
10069,20240630,2.0,15.6,2024,9
10076,20240622,174.0,0.0,2024,9
10078,20240625,8.0,8.16,2024,9
10056,20240622,1.0,14.75,2024,9
10158,20240612,1.0,16.36,2024,9
10065,20240623,1.0,15.32,2024,9
10158,20240606,2.0,32.72,2024,9
10027,20240617,1.0,138.16,2024,9
10076,20240626,206.0,0.0,2024,9
10076,20240620,206.0,0.0,2024,9
10131,20240620,1.0,16.38,2024,9
10035,20240603,1.0,42.91,2024,9
10135,20240701,1.0,15.37,2024,9
10129,20240621,1.0,15.53,2024,9
10153,20240610,1.0,39.84,2024,9
10050,20240606,1.0,13.2,2024,9
10057,20240619,1.0,12.33,2024,9
10078,20240617,15.0,15.3,2024,9
10026,20240611,1.0,175.63,2024,9
10059,20240624,1.0,15.22,2024,9
10000,20240619,3.0,33.3,2024,9
10149,20240615,1.0,55.8,2024,9
10144,20240606,1.0,44.52,2024,9
10078,20240701,10.0,10.2,2024,9
10002,20240628,2.0,27.44,2024,9
10043,20240630,6.0,30.54,2024,9
10054,20240617,1.0,10.82,2024,9
10005,20240702,1.0,19.64,2024,9
10065,20240611,3.0,45.96,2024,9
10136,20240603,1.0,113.61,2024,9
10032,20240612,1.0,18.61,2024,9
10123,20240620,1.0,23.19,2024,9
10069,20240611,3.0,23.4,2024,9
10016,20240620,1.0,29.63,2024,9
10076,20240614,260.0,0.0,2024,9
10076,20240604,249.0,0.0,2024,9
10076,20240619,185.0,0.0,2024,9
10078,20240702,8.0,8.16,2024,9
10092,20240604,3.0,17.61,2024,9
10069,20240624,2.0,15.6,2024,9
10076,20240609,187.0,0.0,2024,9
10046,20240624,1.0,56.34,2024,9
10061,20240630,1.0,17.79,2024,9
10069,20240629,2.0,15.6,2024,9
10035,20240628,1.0,42.91,2024,9
10145,20240611,3.0,40.8,2024,9
10078,20240623,1.0,1.02,2024,9
10069,20240621,5.0,39.0,2024,9
10001,20240624,1.0,38.05,2024,9
10043,20240608,2.0,10.18,2024,9
10142,20240630,2.0,18.8,2024,9
10067,20240604,1.0,118.88,2024,9
10069,20240612,3.0,23.4,2024,9
10128,20240616,1.0,74.04,2024,9
10078,20240618,13.0,13.26,2024,9
10076,20240630,189.0,0.0,2024,9
10019,20240628,1.0,36.84,2024,9
10056,20240630,1.0,14.75,2024,9
10078,20240615,9.0,9.18,2024,9
10087,20240611,1.0,41.36,2024,9
10067,20240627,1.0,118.88,2024,9
10078,20240612,11.0,11.22,2024,9
10076,20240613,197.0,0.0,2024,9
10043,20240615,6.0,30.54,2024,9
10144,20240622,1.0,44.52,2024,9
10038,20240611,1.0,114.02,2024,9
10005,20240616,0.0,0.0,2024,9
10131,20240623,1.0,16.38,2024,9
10041,20240623,1.0,55.52,2024,9
10051,20240628,1.0,21.68,2024,9
10062,20240622,1.0,223.69,2024,9
10137,20240613,1.0,137.02,2024,9
10131,20240626,1.0,16.38,2024,9
10063,20240614,1.0,14.38,2024,9
10081,20240614,3.0,25.98,2024,9
10063,20240627,1.0,14.38,2024,9
10078,20240605,8.0,8.16,2024,9
10044,20240612,1.0,38.52,2024,9
10160,20240606,1.0,92.74,2024,9
10076,20240603,228.0,0.0,2024,9
10076,20240627,233.0,0.0,2024,9
10000,20240614,1.0,11.1,2024,9
10043,20240621,7.0,35.63,2024,9
10069,20240623,2.0,15.6,2024,9
10076,20240616,180.0,0.0,2024,9
10076,20240606,213.0,0.0,2024,9
10144,20240617,1.0,44.52,2024,9
10092,20240613,2.0,11.74,2024,9
10078,20240608,4.0,4.08,2024,9
10081,20240630,1.0,8.66,2024,9
10061,20240604,1.0,17.79,2024,9
10156,20240701,1.0,44.71,2024,9
10021,20240611,1.0,177.06,2024,9
10078,20240611,4.0,4.08,2024,9
10139,20240616,1.0,26.66,2024,9
10000,20240628,1.0,11.1,2024,9
10003,20240619,1.0,10.79,2024,9
10093,20240615,1.0,14.29,2024,9
10005,20240628,1.0,19.64,2024,9
10065,20240612,2.0,30.64,2024,9
10092,20240612,4.0,23.48,2024,9
10078,20240610,16.0,16.32,2024,9
10043,20240622,3.0,15.27,2024,9
10078,20240629,8.0,8.16,2024,9
10157,20240612,1.0,15.96,2024,9
10002,20240624,1.0,13.72,2024,9
10078,20240620,16.0,16.32,2024,9
10106,20240618,-6.0,-164.58,2024,9
10076,20240628,230.0,0.0,2024,9
10002,20240629,2.0,27.44,2024,9
10078,20240621,6.0,6.12,2024,9
10021,20240621,1.0,177.06,2024,9
10098,20240624,1.0,190.62,2024,9
10081,20240701,1.0,8.66,2024,9
10096,20240622,1.0,54.79,2024,9
10032,20240620,1.0,18.61,2024,9
10056,20240628,1.0,14.75,2024,9
10067,20240612,1.0,118.88,2024,9
10078,20240626,1.0,1.02,2024,9
10069,20240609,2.0,15.6,2024,9
10078,20240603,14.0,14.28,2024,9
10027,20240613,1.0,138.16,2024,9
10087,20240613,1.0,41.36,2024,9
10078,20240613,5.0,5.1,2024,9
10059,20240617,1.0,15.22,2024,9
10164,20240630,1.0,16.35,2024,9
10032,20240624,1.0,18.61,2024,9
10043,20240624,4.0,20.36,2024,9
10016,20240615,1.0,29.63,2024,9
10077,20240630,1.0,38.33,2024,9
10069,20240606,1.0,7.8,2024,9
10001,20240616,1.0,38.05,2024,9
10076,20240625,149.0,0.0,2024,9
10078,20240624,11.0,11.22,2024,9
10093,20240620,1.0,14.29,2024,9
10050,20240615,1.0,13.2,2024,9
10064,20240610,1.0,15.81,2024,9
10041,20240609,1.0,55.52,2024,9
10078,20240622,5.0,5.1,2024,9
10144,20240615,1.0,44.52,2024,9
10065,20240604,1.0,15.32,2024,9
10043,20240609,1.0,5.09,2024,9
10002,20240610,2.0,27.44,2024,9
10141,20240615,1.0,148.45,2024,9
10069,20240702,1.0,7.8,2024,9
10069,20240616,4.0,31.2,2024,9
10158,20240611,1.0,16.36,2024,9
10003,20240603,1.0,10.79,2024,9
10003,20240627,1.0,10.79,2024,9
10069,20240613,6.0,46.8,2024,9
10131,20240606,1.0,16.38,2024,9
10064,20240626,1.0,15.81,2024,9
10151,20240628,1.0,68.35,2024,9
10076,20240617,221.0,0.0,2024,9
10038,20240603,1.0,114.02,2024,9
10076,20240607,179.0,0.0,2024,9
10069,20240627,2.0,15.6,2024,9
10069,20240603,2.0,15.6,2024,9
10101,20240610,1.0,80.99,2024,9
10052,20240609,1.0,37.9,2024,9
10076,20240715,203.0,0.0,2024,10
10154,20240712,1.0,23.62,2024,10
10054,20240711,1.0,10.82,2024,10
10019,20240704,1.0,36.84,2024,10
10041,20240725,1.0,55.52,2024,10
10126,20240721,2.0,33.56,2024,10
10078,20240729,6.0,6.12,2024,10
10069,20240719,3.0,23.4,2024,10
10000,20240802,1.0,11.1,2024,10
10076,20240720,181.0,0.0,2024,10
10102,20240707,1.0,13.6,2024,10
10068,20240710,1.0,6.5,2024,10
10069,20240713,2.0,15.6,2024,10
10081,20240703,4.0,34.64,2024,10
10032,20240730,1.0,18.61,2024,10
10078,20240706,5.0,5.1,2024,10
10088,20240726,1.0,13.83,2024,10
10098,20240728,1.0,190.62,2024,10
10064,20240710,1.0,15.81,2024,10
10054,20240706,1.0,10.82,2024,10
10101,20240703,1.0,80.99,2024,10
10043,20240707,2.0,10.18,2024,10
10137,20240716,1.0,137.02,2024,10
10078,20240724,9.0,9.18,2024,10
10154,20240802,1.0,23.62,2024,10
10099,20240726,1.0,0.0,2024,10
10069,20240718,2.0,15.6,2024,10
10069,20240722,1.0,7.8,2024,10
10056,20240802,3.0,44.25,2024,10
10003,20240711,1.0,10.79,2024,10
10032,20240728,1.0,18.61,2024,10
10125,20240802,1.0,27.93,2024,10
10076,20240727,149.0,0.0,2024,10
10078,20240728,6.0,6.12,2024,10
10018,20240731,1.0,50.9,2024,10
10050,20240717,1.0,13.2,2024,10
10076,20240712,232.0,0.0,2024,10
10011,20240716,1.0,30.44,2024,10
10076,20240716,254.0,0.0,2024,10
10048,20240717,1.0,9.66,2024,10
10080,20240729,1.0,10.66,2024,10
10165,20240705,1.0,55.95,2024,10
10142,20240717,1.0,9.4,2024,10
10069,20240707,2.0,15.6,2024,10
10163,20240718,1.0,39.93,2024,10
10076,20240731,209.0,0.0,2024,10
10076,20240802,292.0,0.0,2024,10
10005,20240716,1.0,19.64,2024,10
10074,20240721,1.0,35.4,2024,10
10062,20240708,1.0,223.69,2024,10
10080,20240731,1.0,10.66,2024,10
10080,20240713,1.0,10.66,2024,10
10035,20240704,1.0,42.91,2024,10
10069,20240726,1.0,7.8,2024,10
10059,20240720,1.0,15.22,2024,10
10069,20240711,7.0,54.6,2024,10
10069,20240714,1.0,7.8,2024,10
10070,20240725,1.0,31.0,2024,10
10099,20240722,1.0,0.0,2024,10
10078,20240710,9.0,9.18,2024,10
10000,20240801,2.0,22.2,2024,10
10078,20240725,6.0,6.12,2024,10
10096,20240722,1.0,54.79,2024,10
10043,20240714,13.0,66.17,2024,10
10092,20240709,2.0,11.74,2024,10
10076,20240717,192.0,0.0,2024,10
10078,20240718,3.0,3.06,2024,10
10069,20240720,1.0,7.8,2024,10
10078,20240726,7.0,7.14,2024,10
10076,20240709,233.0,0.0,2024,10
10078,20240722,8.0,8.16,2024,10
10095,20240709,1.0,30.51,2024,10
10125,20240708,1.0,27.93,2024,10
10093,20240705,1.0,14.29,2024,10
10002,20240801,1.0,13.72,2024,10
10076,20240703,241.0,0.0,2024,10
10021,20240801,1.0,177.06,2024,10
10078,20240719,2.0,2.04,2024,10
10081,20240704,1.0,8.66,2024,10
10076,20240708,206.0,0.0,2024,10
10040,20240802,1.0,125.76,2024,10
10129,20240802,5.0,77.65,2024,10
10078,20240731,9.0,9.18,2024,10
10135,20240719,1.0,15.37,2024,10
10078,20240713,13.0,13.26,2024,10
10124,20240716,1.0,11.43,2024,10
10051,20240723,1.0,21.68,2024,10
10122,20240726,1.0,6.67,2024,10
10000,20240712,11.0,122.1,2024,10
10148,20240719,1.0,17.56,2024,10
10159,20240717,1.0,120.71,2024,10
10056,20240709,2.0,29.5,2024,10
10080,20240727,1.0,10.66,2024,10
10167,20240723,1.0,55.04,2024,10
10144,20240706,1.0,44.52,2024,10
10061,20240723,2.0,35.58,2024,10
10080,20240726,1.0,10.66,2024,10
10056,20240717,1.0,14.75,2024,10
10057,20240723,2.0,24.66,2024,10
10080,20240714,1.0,10.66,2024,10
10051,20240709,1.0,21.68,2024,10
10078,20240730,13.0,13.26,2024,10
10069,20240802,2.0,15.6,2024,10
10078,20240711,9.0,9.18,2024,10
10000,20240723,1.0,11.1,2024,10
10043,20240718,4.0,20.36,2024,10
10148,20240711,1.0,17.56,2024,10
10135,20240730,1.0,15.37,2024,10
10078,20240707,14.0,14.28,2024,10
10076,20240705,232.0,0.0,2024,10
10122,20240706,1.0,6.67,2024,10
10000,20240709,3.0,33.3,2024,10
10099,20240719,1.0,0.0,2024,10
10164,20240704,1.0,16.35,2024,10
10131,20240718,1.0,16.38,2024,10
10054,20240722,2.0,21.64,2024,10
10076,20240801,199.0,0.0,2024,10
10043,20240730,4.0,20.36,2024,10
10032,20240722,1.0,18.61,2024,10
10163,20240716,1.0,39.93,2024,10
10105,20240708,1.0,29.34,2024,10
10076,20240723,185.0,0.0,2024,10
10076,20240704,209.0,0.0,2024,10
10076,20240721,161.0,0.0,2024,10
10166,20240727,1.0,20.37,2024,10
10167,20240721,1.0,55.04,2024,10
10078,20240715,2.0,2.04,2024,10
10046,20240718,1.0,56.34,2024,10
10000,20240705,2.0,22.2,2024,10
10054,20240715,1.0,10.82,2024,10
10043,20240715,2.0,10.18,2024,10
10078,20240714,6.0,6.12,2024,10
10061,20240705,2.0,35.58,2024,10
10000,20240706,1.0,11.1,2024,10
10160,20240725,1.0,92.74,2024,10
10099,20240712,1.0,0.0,2024,10
10038,20240716,1.0,114.02,2024,10
10149,20240704,1.0,55.8,2024,10
10067,20240705,1.0,118.88,2024,10
10109,20240713,1.0,84.76,2024,10
10078,20240712,6.0,6.12,2024,10
10154,20240730,1.0,23.62,2024,10
10069,20240708,4.0,31.2,2024,10
10057,20240724,1.0,12.33,2024,10
10102,20240708,1.0,13.6,2024,10
10038,20240708,1.0,114.02,2024,10
10078,20240720,10.0,10.2,2024,10
10061,20240724,1.0,17.79,2024,10
10150,20240731,1.0,21.48,2024,10
10079,20240719,2.0,64.58,2024,10
10052,20240703,1.0,37.9,2024,10
10069,20240709,3.0,23.4,2024,10
10001,20240716,1.0,38.05,2024,10
10076,20240729,171.0,0.0,2024,10
10145,20240709,1.0,13.6,2024,10
10050,20240719,1.0,13.2,2024,10
10054,20240721,1.0,10.82,2024,10
10069,20240717,1.0,7.8,2024,10
10102,20240717,1.0,13.6,2024,10
10077,20240724,1.0,38.33,2024,10
10078,20240802,3.0,3.06,2024,10
10113,20240709,1.0,12.38,2024,10
10092,20240710,4.0,23.48,2024,10
10153,20240704,1.0,39.84,2024,10
10078,20240703,13.0,13.26,2024,10
10076,20240728,170.0,0.0,2024,10
10160,20240713,1.0,92.74,2024,10
10074,20240730,1.0,35.4,2024,10
10076,20240724,162.0,0.0,2024,10
10065,20240709,1.0,15.32,2024,10
10078,20240716,10.0,10.2,2024,10
10068,20240731,1.0,6.5,2024,10
10002,20240802,1.0,13.72,2024,10
10144,20240720,1.0,44.52,2024,10
10070,20240731,2.0,62.0,2024,10
10007,20240715,1.0,43.46,2024,10
10159,20240724,1.0,120.71,2024,10
10154,20240706,2.0,47.24,2024,10
10044,20240716,1.0,38.52,2024,10
10153,20240717,1.0,39.84,2024,10
10076,20240710,253.0,0.0,2024,10
10120,20240730,1.0,19.64,2024,10
10076,20240725,172.0,0.0,2024,10
10000,20240729,1.0,11.1,2024,10
10078,20240727,8.0,8.16,2024,10
10000,20240707,2.0,22.2,2024,10
10076,20240706,196.0,0.0,2024,10
10056,20240710,3.0,44.25,2024,10
10124,20240801,1.0,11.43,2024,10
10056,20240725,2.0,29.5,2024,10
10156,20240712,1.0,44.71,2024,10
10069,20240729,1.0,7.8,2024,10
10076,20240722,225.0,0.0,2024,10
10086,20240709,1.0,15.79,2024,10
10061,20240731,1.0,17.79,2024,10
10081,20240714,2.0,17.32,2024,10
10076,20240718,263.0,0.0,2024,10
10084,20240719,1.0,39.65,2024,10
10069,20240723,2.0,15.6,2024,10
10050,20240722,1.0,13.2,2024,10
10061,20240727,1.0,17.79,2024,10
10067,20240713,1.0,118.88,2024,10
10056,20240719,1.0,14.75,2024,10
10099,20240710,1.0,0.0,2024,10
10041,20240712,1.0,55.52,2024,10
10076,20240719,232.0,0.0,2024,10
10056,20240731,2.0,29.5,2024,10
10043,20240704,1.0,5.09,2024,10
10099,20240801,1.0,0.0,2024,10
10069,20240801,2.0,15.6,2024,10
10000,20240726,4.0,44.4,2024,10
10102,20240728,1.0,13.6,2024,10
10076,20240713,229.0,0.0,2024,10
10078,20240709,6.0,6.12,2024,10
10064,20240717,2.0,31.62,2024,10
10069,20240728,2.0,15.6,2024,10
10078,20240717,5.0,5.1,2024,10
10080,20240717,1.0,10.66,2024,10
10076,20240726,185.0,0.0,2024,10
10076,20240711,245.0,0.0,2024,10
10043,20240717,2.0,10.18,2024,10
10076,20240714,202.0,0.0,2024,10
10143,20240802,1.0,21.6,2024,10
10057,20240707,2.0,24.66,2024,10
10068,20240704,1.0,6.5,2024,10
10167,20240714,1.0,55.04,2024,10
10000,20240727,5.0,55.5,2024,10
10069,20240706,9.0,70.2,2024,10
10078,20240801,3.0,3.06,2024,10
10160,20240714,1.0,92.74,2024,10
10078,20240704,9.0,9.18,2024,10
10167,20240712,1.0,55.04,2024,10
10159,20240707,2.0,241.42,2024,10
10000,20240715,2.0,22.2,2024,10
10078,20240705,5.0,5.1,2024,10
10076,20240730,208.0,0.0,2024,10
10025,20240719,1.0,148.36,2024,10
10080,20240723,2.0,21.32,2024,10
10097,20240715,1.0,132.77,2024,10
10032,20240708,1.0,18.61,2024,10
10069,20240724,3.0,23.4,2024,10
10054,20240723,3.0,32.46,2024,10
10078,20240721,5.0,5.1,2024,10
10000,20240718,1.0,11.1,2024,10
10076,20240707,206.0,0.0,2024,10
10078,20240708,16.0,16.32,2024,10
10159,20240710,1.0,120.71,2024,10
10078,20240723,8.0,8.16,2024,10
10007,20240716,1.0,43.46,2024,10
10102,20240724,4.0,54.4,2024,10
10038,20240724,1.0,114.02,2024,10
10061,20240730,1.0,17.79,2024,10
10057,20240730,1.0,12.33,2024,10
10003,20240710,1.0,10.79,2024,10
10126,20240827,2.0,33.56,2024,11
10069,20240823,4.0,31.2,2024,11
10080,20240829,1.0,10.66,2024,11
10150,20240825,2.0,42.96,2024,11
10068,20240809,2.0,13.0,2024,11
10075,20240818,1.0,135.97,2024,11
10032,20240811,1.0,18.61,2024,11
10067,20240810,1.0,118.88,2024,11
10014,20240823,1.0,17.59,2024,11
10003,20240823,1.0,10.79,2024,11
10076,20240819,247.0,0.0,2024,11
10078,20240815,4.0,4.08,2024,11
10076,20240810,224.0,0.0,2024,11
10164,20240831,1.0,16.35,2024,11
10081,20240806,1.0,8.66,2024,11
10000,20240805,1.0,11.1,2024,11
10122,20240826,1.0,6.67,2024,11
10052,20240829,1.0,37.9,2024,11
10011,20240813,1.0,30.44,2024,11
10076,20240813,230.0,0.0,2024,11
10008,20240831,1.0,109.81,2024,11
10095,20240813,1.0,30.51,2024,11
10009,20240803,1.0,77.43,2024,11
10076,20240828,203.0,0.0,2024,11
10081,20240821,1.0,8.66,2024,11
10076,20240822,157.0,0.0,2024,11
10007,20240825,1.0,43.46,2024,11
10078,20240803,7.0,7.14,2024,11
10076,20240805,154.0,0.0,2024,11
10031,20240803,1.0,16.62,2024,11
10000,20240828,7.0,77.7,2024,11
10095,20240805,1.0,30.51,2024,11
10069,20240811,5.0,39.0,2024,11
10084,20240804,1.0,39.65,2024,11
10078,20240820,2.0,2.04,2024,11
10076,20240808,199.0,0.0,2024,11
10007,20240826,3.0,130.38,2024,11
10043,20240811,5.0,25.45,2024,11
10102,20240815,1.0,13.6,2024,11
10011,20240808,1.0,30.44,2024,11
10078,20240824,6.0,6.12,2024,11
10064,20240824,1.0,15.81,2024,11
10167,20240827,1.0,55.04,2024,11
10078,20240818,6.0,6.12,2024,11
10078,20240809,7.0,7.14,2024,11
10105,20240813,1.0,29.34,2024,11
10078,20240901,5.0,5.1,2024,11
10021,20240901,1.0,177.06,2024,11
10154,20240830,1.0,23.62,2024,11
10076,20240827,206.0,0.0,2024,11
10167,20240813,4.0,220.16,2024,11
10128,20240821,1.0,74.04,2024,11
10000,20240819,1.0,11.1,2024,11
10151,20240830,1.0,68.35,2024,11
10084,20240805,-1.0,-39.65,2024,11
10010,20240819,1.0,122.33,2024,11
10014,20240829,2.0,35.18,2024,11
10069,20240829,2.0,15.6,2024,11
10078,20240811,11.0,11.22,2024,11
10069,20240807,1.0,7.8,2024,11
10160,20240821,1.0,92.74,2024,11
10094,20240823,1.0,292.75,2024,11
10000,20240813,1.0,11.1,2024,11
10059,20240821,1.0,15.22,2024,11
10056,20240830,1.0,14.75,2024,11
10069,20240819,5.0,39.0,2024,11
10069,20240810,1.0,7.8,2024,11
10051,20240803,1.0,21.68,2024,11
10000,20240809,6.0,66.6,2024,11
10000,20240818,1.0,11.1,2024,11
10165,20240806,1.0,55.95,2024,11
10078,20240808,4.0,4.08,2024,11
10126,20240816,1.0,16.78,2024,11
10069,20240813,1.0,7.8,2024,11
10076,20240825,363.0,0.0,2024,11
10128,20240819,1.0,74.04,2024,11
10051,20240807,1.0,21.68,2024,11
10069,20240826,2.0,15.6,2024,11
10102,20240822,1.0,13.6,2024,11
10000,20240807,2.0,22.2,2024,11
10005,20240825,1.0,19.64,2024,11
10113,20240817,2.0,24.76,2024,11
10153,20240805,1.0,39.84,2024,11
10076,20240821,161.0,0.0,2024,11
10065,20240828,1.0,15.32,2024,11
10032,20240831,6.0,111.66,2024,11
10069,20240822,4.0,31.2,2024,11
10076,20240816,146.0,0.0,2024,11
10081,20240818,1.0,8.66,2024,11
10076,20240830,219.0,0.0,2024,11
10027,20240808,1.0,138.16,2024,11
10125,20240804,1.0,27.93,2024,11
10103,20240806,1.0,24.94,2024,11
10092,20240812,3.0,17.61,2024,11
10076,20240812,177.0,0.0,2024,11
10002,20240806,1.0,13.72,2024,11
10159,20240819,1.0,120.71,2024,11
10031,20240829,2.0,33.24,2024,11
10056,20240807,1.0,14.75,2024,11
10070,20240829,3.0,93.0,2024,11
10142,20240803,2.0,18.8,2024,11
10106,20240824,1.0,27.43,2024,11
10044,20240826,1.0,38.52,2024,11
10076,20240804,244.0,0.0,2024,11
10049,20240813,1.0,98.43,2024,11
10009,20240831,1.0,77.43,2024,11
10078,20240829,10.0,10.2,2024,11
10078,20240831,17.0,17.34,2024,11
10080,20240810,1.0,10.66,2024,11
10065,20240819,1.0,15.32,2024,11
10010,20240830,1.0,122.33,2024,11
10076,20240807,199.0,0.0,2024,11
10061,20240820,1.0,17.79,2024,11
10078,20240823,14.0,14.28,2024,11
10005,20240804,1.0,19.64,2024,11
10078,20240810,9.0,9.18,2024,11
10078,20240814,16.0,16.32,2024,11
10123,20240814,1.0,23.19,2024,11
10153,20240808,1.0,39.84,2024,11
10027,20240817,-1.0,-138.16,2024,11
10078,20240826,7.0,7.14,2024,11
10156,20240809,1.0,44.71,2024,11
10078,20240817,4.0,4.08,2024,11
10136,20240830,1.0,113.61,2024,11
10074,20240827,1.0,35.4,2024,11
10043,20240822,3.0,15.27,2024,11
10002,20240829,1.0,13.72,2024,11
10150,20240804,2.0,42.96,2024,11
10166,20240812,1.0,20.37,2024,11
10078,20240822,5.0,5.1,2024,11
10069,20240808,1.0,7.8,2024,11
10166,20240830,1.0,20.37,2024,11
10068,20240813,10.0,65.0,2024,11
10092,20240820,2.0,11.74,2024,11
10076,20240820,277.0,0.0,2024,11
10064,20240819,1.0,15.81,2024,11
10098,20240810,1.0,190.62,2024,11
10003,20240820,1.0,10.79,2024,11
10041,20240805,1.0,55.52,2024,11
10076,20240803,202.0,0.0,2024,11
10068,20240831,1.0,6.5,2024,11
10043,20240804,2.0,10.18,2024,11
10143,20240817,1.0,21.6,2024,11
10000,20240831,1.0,11.1,2024,11
10078,20240828,7.0,7.14,2024,11
10102,20240827,1.0,13.6,2024,11
10069,20240821,5.0,39.0,2024,11
10059,20240820,1.0,15.22,2024,11
10078,20240813,6.0,6.12,2024,11
10076,20240815,189.0,0.0,2024,11
10061,20240829,2.0,35.58,2024,11
10000,20240829,3.0,33.3,2024,11
10008,20240824,1.0,109.81,2024,11
10057,20240829,1.0,12.33,2024,11
10043,20240827,4.0,20.36,2024,11
10102,20240830,1.0,13.6,2024,11
10002,20240830,1.0,13.72,2024,11
10031,20240828,1.0,16.62,2024,11
10070,20240828,1.0,31.0,2024,11
10069,20240806,3.0,23.4,2024,11
10077,20240829,1.0,38.33,2024,11
10078,20240805,11.0,11.22,2024,11
10057,20240815,2.0,24.66,2024,11
10003,20240812,2.0,21.58,2024,11
10032,20240812,1.0,18.61,2024,11
10129,20240820,1.0,15.53,2024,11
10043,20240806,4.0,20.36,2024,11
10027,20240819,3.0,414.48,2024,11
10000,20240810,1.0,11.1,2024,11
10078,20240819,2.0,2.04,2024,11
10076,20240811,128.0,0.0,2024,11
10078,20240806,12.0,12.24,2024,11
10169,20240830,1.0,14.17,2024,11
10002,20240827,1.0,13.72,2024,11
10000,20240803,8.0,88.8,2024,11
10054,20240819,1.0,10.82,2024,11
10001,20240812,1.0,38.05,2024,11
10092,20240824,4.0,23.48,2024,11
10144,20240819,1.0,44.52,2024,11
10134,20240806,1.0,17.62,2024,11
10035,20240829,1.0,42.91,2024,11
10038,20240828,1.0,114.02,2024,11
10149,20240826,1.0,55.8,2024,11
10080,20240813,1.0,10.66,2024,11
10154,20240816,1.0,23.62,2024,11
10001,20240820,1.0,38.05,2024,11
10130,20240827,1.0,91.16,2024,11
10043,20240813,4.0,20.36,2024,11
10014,20240804,3.0,52.77,2024,11
10081,20240815,3.0,25.98,2024,11
10099,20240805,1.0,0.0,2024,11
10069,20240804,2.0,15.6,2024,11
10054,20240821,1.0,10.82,2024,11
10076,20240824,196.0,0.0,2024,11
10076,20240818,213.0,0.0,2024,11
10095,20240901,1.0,30.51,2024,11
10102,20240812,1.0,13.6,2024,11
10076,20240901,253.0,0.0,2024,11
10078,20240827,6.0,6.12,2024,11
10050,20240814,1.0,13.2,2024,11
10046,20240820,1.0,56.34,2024,11
10109,20240828,1.0,84.76,2024,11
10075,20240810,1.0,135.97,2024,11
10075,20240831,1.0,135.97,2024,11
10001,20240813,1.0,38.05,2024,11
10076,20240809,208.0,0.0,2024,11
10080,20240812,1.0,10.66,2024,11
10078,20240830,2.0,2.04,2024,11
10027,20240820,1.0,138.16,2024,11
10007,20240813,2.0,86.92,2024,11
10080,20240807,1.0,10.66,2024,11
10076,20240806,182.0,0.0,2024,11
10129,20240806,1.0,15.53,2024,11
10054,20240807,1.0,10.82,2024,11
10160,20240809,1.0,92.74,2024,11
10143,20240831,1.0,21.6,2024,11
10094,20240827,1.0,292.75,2024,11
10076,20240823,226.0,0.0,2024,11
10002,20240810,1.0,13.72,2024,11
10137,20240806,1.0,137.02,2024,11
10014,20240803,1.0,17.59,2024,11
10069,20240803,3.0,23.4,2024,11
10167,20240826,1.0,55.04,2024,11
10134,20240819,1.0,17.62,2024,11
10064,20240830,1.0,15.81,2024,11
10078,20240816,9.0,9.18,2024,11
10129,20240823,-1.0,-15.53,2024,11
10095,20240823,1.0,30.51,2024,11
10031,20240810,1.0,16.62,2024,11
10109,20240829,1.0,84.76,2024,11
10008,20240814,1.0,109.81,2024,11
10078,20240812,13.0,13.26,2024,11
10113,20240820,1.0,12.38,2024,11
10101,20240810,1.0,80.99,2024,11
10078,20240807,10.0,10.2,2024,11
10010,20240814,1.0,122.33,2024,11
10031,20240807,1.0,16.62,2024,11
10069,20240824,1.0,7.8,2024,11
10076,20240829,203.0,0.0,2024,11
10097,20240810,1.0,132.77,2024,11
10069,20240827,1.0,7.8,2024,11
10069,20240809,1.0,7.8,2024,11
10149,20240818,1.0,55.8,2024,11
10094,20240811,1.0,292.75,2024,11
10069,20240818,3.0,23.4,2024,11
10078,20240825,8.0,8.16,2024,11
10154,20240810,1.0,23.62,2024,11
10154,20240831,1.0,23.62,2024,11
10081,20240829,2.0,17.32,2024,11
10014,20240827,1.0,17.59,2024,11
10076,20240826,211.0,0.0,2024,11
10076,20240814,278.0,0.0,2024,11
10076,20240831,329.0,0.0,2024,11
10000,20240811,1.0,11.1,2024,11
10105,20240822,2.0,58.68,2024,11
10126,20240823,1.0,16.78,2024,11
10002,20240807,2.0,27.44,2024,11
10069,20240901,1.0,7.8,2024,11
10102,20240820,2.0,27.2,2024,11
10061,20240810,2.0,35.58,2024,11
10078,20240804,4.0,4.08,2024,11
10076,20240817,143.0,0.0,2024,11
10069,20240918,13.0,101.4,2024,12
10002,20240928,1.0,13.72,2024,12
10109,20240921,1.0,84.76,2024,12
10085,20240923,1.0,54.34,2024,12
10122,20240920,1.0,6.67,2024,12
10006,20240909,1.0,395.4,2024,12
10080,20240904,1.0,10.66,2024,12
10021,20240925,1.0,177.06,2024,12
10069,20240915,3.0,23.4,2024,12
10145,20240910,1.0,13.6,2024,12
10064,20240904,1.0,15.81,2024,12
10078,20240904,7.0,7.14,2024,12
10089,20240910,1.0,0.0,2024,12
10003,20240918,1.0,10.79,2024,12
10076,20240916,196.0,0.0,2024,12
10043,20240922,8.0,40.72,2024,12
10004,20240912,1.0,8.38,2024,12
10005,20240930,1.0,19.64,2024,12
10076,20240927,233.0,0.0,2024,12
10081,20241002,1.0,8.66,2024,12
10069,20240924,1.0,7.8,2024,12
10078,20240922,10.0,10.2,2024,12
10078,20240911,10.0,10.2,2024,12
10043,20240909,2.0,10.18,2024,12
10043,20240923,6.0,30.54,2024,12
10070,20240923,1.0,31.0,2024,12
10078,20240906,6.0,6.12,2024,12
10154,20240914,1.0,23.62,2024,12
10080,20240911,1.0,10.66,2024,12
10000,20240919,1.0,11.1,2024,12
10078,20240909,7.0,7.14,2024,12
10080,20240909,1.0,10.66,2024,12
10078,20240923,8.0,8.16,2024,12
10154,20240905,1.0,23.62,2024,12
10031,20240909,1.0,16.62,2024,12
10076,20240913,213.0,0.0,2024,12
10008,20240911,1.0,109.81,2024,12
10076,20240907,206.0,0.0,2024,12
10046,20240904,1.0,56.34,2024,12
10076,20240930,227.0,0.0,2024,12
10043,20240926,1.0,5.09,2024,12
10106,20240921,2.0,54.86,2024,12
10011,20240919,1.0,30.44,2024,12
10076,20240919,243.0,0.0,2024,12
10126,20240913,8.0,134.24,2024,12
10078,20240917,7.0,7.14,2024,12
10043,20240918,2.0,10.18,2024,12
10069,20240910,1.0,7.8,2024,12
10054,20240918,1.0,10.82,2024,12
10113,20240922,1.0,12.38,2024,12
10064,20240911,1.0,15.81,2024,12
10069,20240923,2.0,15.6,2024,12
10000,20240927,1.0,11.1,2024,12
10010,20240927,2.0,244.66,2024,12
10061,20240927,1.0,17.79,2024,12
10076,20240912,262.0,0.0,2024,12
10021,20240909,1.0,177.06,2024,12
10054,20240913,2.0,21.64,2024,12
10000,20240921,1.0,11.1,2024,12
10041,20240913,1.0,55.52,2024,12
10003,20240907,1.0,10.79,2024,12
10046,20240928,1.0,56.34,2024,12
10159,20241002,1.0,120.71,2024,12
10069,20240928,1.0,7.8,2024,12
10076,20240905,216.0,0.0,2024,12
10093,20240904,1.0,14.29,2024,12
10002,20240915,1.0,13.72,2024,12
10057,20241002,1.0,12.33,2024,12
10076,20240902,226.0,0.0,2024,12
10011,20240929,1.0,30.44,2024,12
10109,20240906,1.0,84.76,2024,12
10076,20240929,196.0,0.0,2024,12
10078,20240926,6.0,6.12,2024,12
10078,20240915,4.0,4.08,2024,12
10078,20240921,13.0,13.26,2024,12
10076,20240918,189.0,0.0,2024,12
10096,20240907,1.0,54.79,2024,12
10059,20240929,1.0,15.22,2024,12
10105,20240917,1.0,29.34,2024,12
10093,20241001,1.0,14.29,2024,12
10160,20240902,2.0,185.48,2024,12
10081,20240917,2.0,17.32,2024,12
10166,20240911,1.0,20.37,2024,12
10102,20240913,1.0,13.6,2024,12
10126,20240903,2.0,33.56,2024,12
10167,20240908,1.0,55.04,2024,12
10080,20240912,1.0,10.66,2024,12
10078,20240907,5.0,5.1,2024,12
10005,20240903,1.0,19.64,2024,12
10078,20240924,5.0,5.1,2024,12
10144,20240922,1.0,44.52,2024,12
10000,20240920,6.0,66.6,2024,12
10052,20240928,1.0,37.9,2024,12
10000,20240903,1.0,11.1,2024,12
10078,20240910,12.0,12.24,2024,12
10078,20240908,12.0,12.24,2024,12
10076,20240914,180.0,0.0,2024,12
10003,20240913,2.0,21.58,2024,12
10081,20240906,3.0,25.98,2024,12
10057,20240917,1.0,12.33,2024,12
10122,20240926,1.0,6.67,2024,12
10093,20240902,1.0,14.29,2024,12
10102,20240918,1.0,13.6,2024,12
10046,20240930,-1.0,-56.34,2024,12
10138,20240925,1.0,50.09,2024,12
10069,20240916,2.0,15.6,2024,12
10056,20240925,2.0,29.5,2024,12
10078,20240928,9.0,9.18,2024,12
10103,20240922,1.0,24.94,2024,12
10076,20240920,211.0,0.0,2024,12
10040,20240918,1.0,125.76,2024,12
10102,20240909,1.0,13.6,2024,12
10000,20240902,2.0,22.2,2024,12
10076,20241002,227.0,0.0,2024,12
10076,20241001,240.0,0.0,2024,12
10076,20240925,240.0,0.0,2024,12
10005,20240902,1.0,19.64,2024,12
10069,20240913,4.0,31.2,2024,12
10069,20240909,2.0,15.6,2024,12
10051,20240917,1.0,21.68,2024,12
10004,20241001,1.0,8.38,2024,12
10050,20240922,1.0,13.2,2024,12
10043,20240924,-2.0,-10.18,2024,12
10032,20240924,1.0,18.61,2024,12
10000,20240925,1.0,11.1,2024,12
10099,20240907,2.0,0.0,2024,12
10158,20240926,1.0,16.36,2024,12
10159,20240905,1.0,120.71,2024,12
10165,20240910,0.0,0.0,2024,12
10052,20240930,1.0,37.9,2024,12
10000,20240917,1.0,11.1,2024,12
10018,20240918,1.0,50.9,2024,12
10150,20240928,1.0,21.48,2024,12
10043,20240914,2.0,10.18,2024,12
10000,20240922,1.0,11.1,2024,12
10009,20241001,1.0,77.43,2024,12
10069,20240927,1.0,7.8,2024,12
10005,20240923,1.0,19.64,2024,12
10067,20240928,1.0,118.88,2024,12
10076,20240906,187.0,0.0,2024,12
10123,20240930,1.0,23.19,2024,12
10078,20240927,11.0,11.22,2024,12
10076,20240928,216.0,0.0,2024,12
10080,20240927,1.0,10.66,2024,12
10043,20240930,25.0,127.25,2024,12
10078,20240919,6.0,6.12,2024,12
10076,20240904,290.0,0.0,2024,12
10040,20240903,1.0,125.76,2024,12
10010,20240909,1.0,122.33,2024,12
10109,20240910,1.0,84.76,2024,12
10078,20240930,18.0,18.36,2024,12
10142,20240907,1.0,9.4,2024,12
10005,20240906,1.0,19.64,2024,12
10078,20240916,6.0,6.12,2024,12
10067,20240922,1.0,118.88,2024,12
10000,20240923,1.0,11.1,2024,12
10065,20240920,1.0,15.32,2024,12
10080,20240930,5.0,53.3,2024,12
10069,20240908,1.0,7.8,2024,12
10076,20240922,168.0,0.0,2024,12
10086,20241001,1.0,15.79,2024,12
10035,20240915,1.0,42.91,2024,12
10046,20240908,1.0,56.34,2024,12
10129,20240925,1.0,15.53,2024,12
10076,20240909,211.0,0.0,2024,12
10052,20240927,1.0,37.9,2024,12
10160,20240915,1.0,92.74,2024,12
10078,20240914,12.0,12.24,2024,12
10069,20240905,1.0,7.8,2024,12
10094,20240917,2.0,585.5,2024,12
10135,20240905,2.0,30.74,2024,12
10068,20240916,1.0,6.5,2024,12
10080,20240905,1.0,10.66,2024,12
10069,20240920,4.0,31.2,2024,12
10043,20240905,10.0,50.9,2024,12
10081,20240929,1.0,8.66,2024,12
10007,20240912,1.0,43.46,2024,12
10067,20240909,2.0,237.76,2024,12
10076,20240903,262.0,0.0,2024,12
10099,20240927,1.0,0.0,2024,12
10003,20240902,1.0,10.79,2024,12
10052,20240914,1.0,37.9,2024,12
10076,20240917,219.0,0.0,2024,12
10081,20240918,1.0,8.66,2024,12
10070,20240927,2.0,62.0,2024,12
10099,20240921,1.0,0.0,2024,12
10081,20240904,1.0,8.66,2024,12
10078,20240912,8.0,8.16,2024,12
10102,20240914,1.0,13.6,2024,12
10093,20240923,1.0,14.29,2024,12
10073,20240915,2.0,60.76,2024,12
10076,20240911,198.0,0.0,2024,12
10078,20240905,8.0,8.16,2024,12
10078,20240913,5.0,5.1,2024,12
10145,20240920,2.0,27.2,2024,12
10000,20240904,4.0,44.4,2024,12
10096,20240903,1.0,54.79,2024,12
10078,20240902,10.0,10.2,2024,12
10145,20240922,1.0,13.6,2024,12
10069,20240925,3.0,23.4,2024,12
10099,20240903,1.0,0.0,2024,12
10078,20240929,9.0,9.18,2024,12
10046,20240920,1.0,56.34,2024,12
10003,20240906,1.0,10.79,2024,12
10081,20240913,2.0,17.32,2024,12
10069,20241001,1.0,7.8,2024,12
10031,20240905,1.0,16.62,2024,12
10080,20240903,1.0,10.66,2024,12
10069,20240922,1.0,7.8,2024,12
10153,20240908,1.0,39.84,2024,12
10102,20240917,6.0,81.6,2024,12
10076,20240926,294.0,0.0,2024,12
10159,20240909,-1.0,-120.71,2024,12
10144,20240929,1.0,44.52,2024,12
10078,20240918,5.0,5.1,2024,12
10144,20240918,1.0,44.52,2024,12
10070,20240902,1.0,31.0,2024,12
10080,20240929,1.0,10.66,2024,12
10000,20240913,1.0,11.1,2024,12
10080,20240918,1.0,10.66,2024,12
10078,20240903,6.0,6.12,2024,12
10041,20240925,1.0,55.52,2024,12
10043,20240920,6.0,30.54,2024,12
10157,20240926,1.0,15.96,2024,12
10007,20240914,1.0,43.46,2024,12
10043,20241002,2.0,10.18,2024,12
10043,20241001,3.0,15.27,2024,12
10076,20240915,169.0,0.0,2024,12
10142,20240918,1.0,9.4,2024,12
10169,20240919,1.0,14.17,2024,12
10056,20240908,1.0,14.75,2024,12
10076,20240924,295.0,0.0,2024,12
10126,20240926,2.0,33.56,2024,12
10076,20240908,210.0,0.0,2024,12
10076,20240921,232.0,0.0,2024,12
10122,20240905,1.0,6.67,2024,12
10050,20240912,1.0,13.2,2024,12
10069,20240903,3.0,23.4,2024,12
10009,20240920,1.0,77.43,2024,12
10002,20241002,1.0,13.72,2024,12
10000,20240912,6.0,66.6,2024,12
10110,20240926,1.0,20.63,2024,12
10078,20240925,5.0,5.1,2024,12
10109,20240913,1.0,84.76,2024,12
10078,20240920,9.0,9.18,2024,12
10171,20240920,2.0,36.22,2024,12
10007,20240913,1.0,43.46,2024,12
10116,20240922,2.0,44.14,2024,12
10043,20240917,1.0,5.09,2024,12
10054,20240925,1.0,10.82,2024,12
10067,20240910,1.0,118.88,2024,12
10076,20240923,239.0,0.0,2024,12
10076,20240910,180.0,0.0,2024,12
10099,20240906,1.0,0.0,2024,12
10010,20240928,1.0,122.33,2024,12
10078,20241002,4.0,4.08,2024,12
10000,20240928,13.0,144.3,2024,12
10078,20241001,10.0,10.2,2024,12
10081,20240911,1.0,8.66,2024,12
10035,20241012,2.0,85.82,2025,1
10078,20241014,10.0,10.2,2025,1
10076,20241006,188.0,0.0,2025,1
10009,20241007,1.0,77.43,2025,1
10057,20241016,1.0,12.33,2025,1
10142,20241009,1.0,9.4,2025,1
10076,20241023,326.0,0.0,2025,1
10160,20241003,1.0,92.74,2025,1
10110,20241029,1.0,20.63,2025,1
10167,20241024,1.0,55.04,2025,1
10116,20241029,1.0,22.07,2025,1
10113,20241005,1.0,12.38,2025,1
10154,20241011,1.0,23.62,2025,1
10069,20241010,1.0,7.8,2025,1
10076,20241018,344.0,0.0,2025,1
10046,20241005,1.0,56.34,2025,1
10076,20241022,286.0,0.0,2025,1
10110,20241022,2.0,41.26,2025,1
10069,20241028,1.0,7.8,2025,1
10054,20241004,1.0,10.82,2025,1
10109,20241012,1.0,84.76,2025,1
10069,20241015,2.0,15.6,2025,1
10124,20241005,6.0,68.58,2025,1
10078,20241004,7.0,7.14,2025,1
10000,20241011,6.0,66.6,2025,1
10154,20241027,1.0,23.62,2025,1
10168,20241013,1.0,138.1,2025,1
10010,20241011,1.0,122.33,2025,1
10113,20241015,1.0,12.38,2025,1
10000,20241006,2.0,22.2,2025,1
10076,20241021,310.0,0.0,2025,1
10125,20241022,1.0,27.93,2025,1
10124,20241028,1.0,11.43,2025,1
10175,20241028,2.0,106.34,2025,1
10151,20241003,1.0,68.35,2025,1
10056,20241021,2.0,29.5,2025,1
10076,20241016,301.0,0.0,2025,1
10160,20241006,1.0,92.74,2025,1
10097,20241003,1.0,132.77,2025,1
10061,20241027,2.0,35.58,2025,1
10002,20241007,1.0,13.72,2025,1
10076,20241011,202.0,0.0,2025,1
10171,20241005,1.0,18.11,2025,1
10070,20241017,1.0,31.0,2025,1
10095,20241029,2.0,61.02,2025,1
10005,20241008,1.0,19.64,2025,1
10076,20241029,448.0,0.0,2025,1
10105,20241029,1.0,29.34,2025,1
10000,20241016,9.0,99.9,2025,1
10056,20241018,3.0,44.25,2025,1
10009,20241025,1.0,77.43,2025,1
10081,20241027,1.0,8.66,2025,1
10144,20241027,1.0,44.52,2025,1
10167,20241018,2.0,110.08,2025,1
10109,20241030,1.0,84.76,2025,1
10170,20241030,4.0,47.64,2025,1
10067,20241011,1.0,118.88,2025,1
10056,20241008,2.0,29.5,2025,1
10150,20241027,1.0,21.48,2025,1
10052,20241010,1.0,37.9,2025,1
10061,20241006,2.0,35.58,2025,1
10078,20241007,5.0,5.1,2025,1
10101,20241006,1.0,80.99,2025,1
10000,20241023,2.0,22.2,2025,1
10137,20241024,1.0,137.02,2025,1
10097,20241018,1.0,132.77,2025,1
10031,20241025,1.0,16.62,2025,1
10168,20241029,15.0,2071.5,2025,1
10078,20241025,13.0,13.26,2025,1
10078,20241017,9.0,9.18,2025,1
10000,20241027,2.0,22.2,2025,1
10000,20241008,1.0,11.1,2025,1
10069,20241014,5.0,39.0,2025,1
10115,20241017,2.0,45.7,2025,1
10074,20241014,1.0,35.4,2025,1
10041,20241023,1.0,55.52,2025,1
10176,20241028,5.0,282.45,2025,1
10040,20241029,1.0,125.76,2025,1
10171,20241012,1.0,18.11,2025,1
10043,20241028,12.0,61.08,2025,1
10078,20241005,6.0,6.12,2025,1
10002,20241026,2.0,27.44,2025,1
10095,20241024,1.0,30.51,2025,1
10076,20241024,350.0,0.0,2025,1
10081,20241017,1.0,8.66,2025,1
10056,20241013,2.0,29.5,2025,1
10078,20241028,32.0,32.64,2025,1
10069,20241016,6.0,46.8,2025,1
10076,20241013,182.0,0.0,2025,1
10076,20241003,252.0,0.0,2025,1
10069,20241023,5.0,39.0,2025,1
10046,20241028,1.0,56.34,2025,1
10145,20241005,1.0,13.6,2025,1
10005,20241013,1.0,19.64,2025,1
10079,20241022,1.0,32.29,2025,1
10002,20241012,1.0,13.72,2025,1
10000,20241019,1.0,11.1,2025,1
10078,20241020,14.0,14.28,2025,1
10064,20241012,1.0,15.81,2025,1
10176,20241026,1.0,56.49,2025,1
10097,20241022,1.0,132.77,2025,1
10098,20241003,1.0,190.62,2025,1
10137,20241019,1.0,137.02,2025,1
10078,20241026,21.0,21.42,2025,1
10057,20241009,1.0,12.33,2025,1
10078,20241012,9.0,9.18,2025,1
10153,20241018,1.0,39.84,2025,1
10078,20241010,14.0,14.28,2025,1
10120,20241007,4.0,78.56,2025,1
10001,20241021,1.0,38.05,2025,1
10122,20241010,2.0,13.34,2025,1
10110,20241023,3.0,61.89,2025,1
10167,20241013,1.0,55.04,2025,1
10076,20241019,289.0,0.0,2025,1
10076,20241027,319.0,0.0,2025,1
10076,20241008,222.0,0.0,2025,1
10076,20241009,251.0,0.0,2025,1
10065,20241018,5.0,76.6,2025,1
10116,20241018,1.0,22.07,2025,1
10052,20241026,2.0,75.8,2025,1
10110,20241008,3.0,61.89,2025,1
10069,20241029,6.0,46.8,2025,1
10169,20241010,1.0,14.17,2025,1
10170,20241025,1.0,11.91,2025,1
10069,20241021,1.0,7.8,2025,1
10150,20241009,2.0,42.96,2025,1
10005,20241019,1.0,19.64,2025,1
10154,20241009,1.0,23.62,2025,1
10078,20241015,11.0,11.22,2025,1
10076,20241030,442.0,0.0,2025,1
10032,20241021,1.0,18.61,2025,1
10151,20241022,1.0,68.35,2025,1
10032,20241015,1.0,18.61,2025,1
10010,20241013,1.0,122.33,2025,1
10057,20241024,1.0,12.33,2025,1
10002,20241004,1.0,13.72,2025,1
10085,20241015,1.0,54.34,2025,1
10143,20241009,1.0,21.6,2025,1
10131,20241011,1.0,16.38,2025,1
10008,20241016,1.0,109.81,2025,1
10041,20241005,1.0,55.52,2025,1
10057,20241022,1.0,12.33,2025,1
10032,20241005,3.0,55.83,2025,1
10061,20241003,1.0,17.79,2025,1
10067,20241030,1.0,118.88,2025,1
10078,20241011,10.0,10.2,2025,1
10176,20241029,5.0,282.45,2025,1
10003,20241012,1.0,10.79,2025,1
10043,20241029,14.0,71.26,2025,1
10078,20241006,9.0,9.18,2025,1
10076,20241014,341.0,0.0,2025,1
10078,20241018,13.0,13.26,2025,1
10031,20241023,1.0,16.62,2025,1
10074,20241028,2.0,70.8,2025,1
10078,20241029,23.0,23.46,2025,1
10171,20241027,2.0,36.22,2025,1
10032,20241027,1.0,18.61,2025,1
10076,20241004,294.0,0.0,2025,1
10078,20241008,13.0,13.26,2025,1
10163,20241025,2.0,79.86,2025,1
10078,20241021,20.0,20.4,2025,1
10056,20241004,8.0,118.0,2025,1
10115,20241008,2.0,45.7,2025,1
10095,20241030,1.0,30.51,2025,1
10060,20241015,1.0,84.32,2025,1
10115,20241021,2.0,45.7,2025,1
10078,20241016,13.0,13.26,2025,1
10096,20241027,2.0,109.58,2025,1
10092,20241030,8.0,46.96,2025,1
10101,20241005,1.0,80.99,2025,1
10110,20241030,1.0,20.63,2025,1
10171,20241021,1.0,18.11,2025,1
10069,20241003,4.0,31.2,2025,1
10094,20241019,1.0,292.75,2025,1
10061,20241014,1.0,17.79,2025,1
10109,20241028,1.0,84.76,2025,1
10110,20241025,1.0,20.63,2025,1
10142,20241028,1.0,9.4,2025,1
10170,20241029,3.0,35.73,2025,1
10135,20241021,2.0,30.74,2025,1
10168,20241015,1.0,138.1,2025,1
10069,20241013,4.0,31.2,2025,1
10046,20241018,1.0,56.34,2025,1
10054,20241011,1.0,10.82,2025,1
10074,20241010,1.0,35.4,2025,1
10041,20241029,1.0,55.52,2025,1
10057,20241004,1.0,12.33,2025,1
10076,20241017,329.0,0.0,2025,1
10032,20241012,1.0,18.61,2025,1
10171,20241029,1.0,18.11,2025,1
10093,20241023,1.0,14.29,2025,1
10078,20241023,14.0,14.28,2025,1
10116,20241024,1.0,22.07,2025,1
10135,20241012,2.0,30.74,2025,1
10159,20241005,1.0,120.71,2025,1
10057,20241025,1.0,12.33,2025,1
10143,20241010,2.0,43.2,2025,1
10160,20241007,1.0,92.74,2025,1
10003,20241009,2.0,21.58,2025,1
10059,20241025,1.0,15.22,2025,1
10122,20241028,1.0,6.67,2025,1
10084,20241020,2.0,79.3,2025,1
10085,20241013,0.0,0.0,2025,1
10007,20241005,1.0,43.46,2025,1
10170,20241026,2.0,23.82,2025,1
10076,20241007,221.0,0.0,2025,1
10154,20241020,1.0,23.62,2025,1
10069,20241027,5.0,39.0,2025,1
10164,20241007,1.0,16.35,2025,1
10065,20241030,1.0,15.32,2025,1
10069,20241008,3.0,23.4,2025,1
10069,20241009,1.0,7.8,2025,1
10046,20241027,1.0,56.34,2025,1
10076,20241025,381.0,0.0,2025,1
10043,20241016,4.0,20.36,2025,1
10170,20241028,3.0,35.73,2025,1
10102,20241012,1.0,13.6,2025,1
10172,20241021,1.0,11.73,2025,1
10167,20241029,1.0,55.04,2025,1
10076,20241012,265.0,0.0,2025,1
10056,20241005,2.0,29.5,2025,1
10076,20241028,333.0,0.0,2025,1
10109,20241021,1.0,84.76,2025,1
10092,20241012,2.0,11.74,2025,1
10074,20241018,1.0,35.4,2025,1
10041,20241017,1.0,55.52,2025,1
10070,20241024,1.0,31.0,2025,1
10078,20241013,11.0,11.22,2025,1
10078,20241024,6.0,6.12,2025,1
10043,20241019,4.0,20.36,2025,1
10032,20241009,1.0,18.61,2025,1
10003,20241022,1.0,10.79,2025,1
10001,20241025,2.0,76.1,2025,1
10080,20241009,1.0,10.66,2025,1
10003,20241004,1.0,10.79,2025,1
10078,20241003,6.0,6.12,2025,1
10005,20241026,1.0,19.64,2025,1
10067,20241028,1.0,118.88,2025,1
10032,20241007,1.0,18.61,2025,1
10054,20241007,4.0,43.28,2025,1
10109,20241011,1.0,84.76,2025,1
10052,20241017,1.0,37.9,2025,1
10176,20241030,5.0,282.45,2025,1
10002,20241027,1.0,13.72,2025,1
10061,20241028,1.0,17.79,2025,1
10076,20241015,271.0,0.0,2025,1
10032,20241025,1.0,18.61,2025,1
10110,20241015,1.0,20.63,2025,1
10095,20241026,1.0,30.51,2025,1
10116,20241015,1.0,22.07,2025,1
10076,20241026,316.0,0.0,2025,1
10076,20241020,281.0,0.0,2025,1
10076,20241010,226.0,0.0,2025,1
10173,20241020,1.0,79.86,2025,1
10046,20241007,2.0,112.68,2025,1
10069,20241030,2.0,15.6,2025,1
10076,20241005,241.0,0.0,2025,1
10166,20241010,1.0,20.37,2025,1
10170,20241027,6.0,71.46,2025,1
10000,20241015,2.0,22.2,2025,1
10059,20241015,1.0,15.22,2025,1
10150,20241005,2.0,42.96,2025,1
10011,20241028,1.0,30.44,2025,1
10106,20241021,2.0,54.86,2025,1
10056,20241028,2.0,29.5,2025,1
10092,20241014,1.0,5.87,2025,1
10078,20241019,20.0,20.4,2025,1
10043,20241024,4.0,20.36,2025,1
10061,20241021,1.0,17.79,2025,1
10122,20241006,1.0,6.67,2025,1
10176,20241027,3.0,169.47,2025,1
10054,20241013,2.0,21.64,2025,1
10000,20241026,9.0,99.9,2025,1
10160,20241014,1.0,92.74,2025,1
10078,20241027,17.0,17.34,2025,1
10078,20241009,6.0,6.12,2025,1
10078,20241022,12.0,12.24,2025,1
10027,20241022,1.0,138.16,2025,1
10064,20241008,1.0,15.81,2025,1
10120,20241029,1.0,19.64,2025,1
10113,20241003,1.0,12.38,2025,1
10057,20241028,2.0,24.66,2025,1
10054,20241030,1.0,10.82,2025,1
10081,20241026,5.0,43.3,2025,1
10096,20241022,1.0,54.79,2025,1
10093,20241021,1.0,14.29,2025,1
10018,20241014,1.0,50.9,2025,1
10159,20241004,1.0,120.71,2025,1
10078,20241030,15.0,15.3,2025,1
10109,20241029,1.0,84.76,2025,1
10081,20241011,1.0,8.66,2025,1
10142,20241029,2.0,18.8,2025,1
10005,20241015,1.0,19.64,2025,1
10018,20241129,1.0,50.9,2025,2
10057,20241107,1.0,12.33,2025,2
10131,20241127,1.0,16.38,2025,2
10166,20241130,1.0,20.37,2025,2
10038,20241115,1.0,114.02,2025,2
10040,20241110,1.0,125.76,2025,2
10054,20241105,1.0,10.82,2025,2
10076,20241117,153.0,0.0,2025,2
10109,20241128,1.0,84.76,2025,2
10141,20241104,1.0,148.45,2025,2
10000,20241109,7.0,77.7,2025,2
10126,20241126,1.0,16.78,2025,2
10076,20241124,158.0,0.0,2025,2
10095,20241107,2.0,61.02,2025,2
10076,20241107,249.0,0.0,2025,2
10011,20241107,1.0,30.44,2025,2
10126,20241117,5.0,83.9,2025,2
10069,20241127,1.0,7.8,2025,2
10078,20241118,3.0,3.06,2025,2
10163,20241130,3.0,119.79,2025,2
10150,20241104,1.0,21.48,2025,2
10076,20241126,191.0,0.0,2025,2
10078,20241112,7.0,7.14,2025,2
10054,20241108,3.0,32.46,2025,2
10060,20241109,1.0,84.32,2025,2
10164,20241126,1.0,16.35,2025,2
10056,20241126,1.0,14.75,2025,2
10097,20241120,1.0,132.77,2025,2
10097,20241116,1.0,132.77,2025,2
10064,20241108,1.0,15.81,2025,2
10038,20241120,1.0,114.02,2025,2
10067,20241109,1.0,118.88,2025,2
10102,20241121,2.0,27.2,2025,2
10126,20241129,1.0,16.78,2025,2
10113,20241130,1.0,12.38,2025,2
10043,20241111,2.0,10.18,2025,2
10076,20241120,237.0,0.0,2025,2
10078,20241115,12.0,12.24,2025,2
10076,20241110,174.0,0.0,2025,2
10145,20241113,5.0,68.0,2025,2
10078,20241105,10.0,10.2,2025,2
10124,20241113,1.0,11.43,2025,2
10092,20241110,4.0,23.48,2025,2
10153,20241113,1.0,39.84,2025,2
10032,20241121,1.0,18.61,2025,2
10038,20241111,1.0,114.02,2025,2
10081,20241116,1.0,8.66,2025,2
10076,20241109,188.0,0.0,2025,2
10088,20241121,1.0,13.83,2025,2
10144,20241119,0.0,0.0,2025,2
10069,20241129,3.0,23.4,2025,2
10056,20241119,3.0,44.25,2025,2
10131,20241130,1.0,16.38,2025,2
10076,20241119,222.0,0.0,2025,2
10078,20241108,4.0,4.08,2025,2
10135,20241106,1.0,15.37,2025,2
10078,20241125,8.0,8.16,2025,2
10000,20241123,6.0,66.6,2025,2
10078,20241130,8.0,8.16,2025,2
10090,20241129,1.0,30.56,2025,2
10109,20241107,2.0,169.52,2025,2
10078,20241106,7.0,7.14,2025,2
10142,20241107,3.0,28.2,2025,2
10076,20241127,207.0,0.0,2025,2
10076,20241122,166.0,0.0,2025,2
10078,20241121,8.0,8.16,2025,2
10078,20241111,16.0,16.32,2025,2
10097,20241109,1.0,132.77,2025,2
10078,20241116,8.0,8.16,2025,2
10094,20241108,1.0,292.75,2025,2
10159,20241122,1.0,120.71,2025,2
10065,20241118,1.0,15.32,2025,2
10095,20241104,3.0,91.53,2025,2
10076,20241104,211.0,0.0,2025,2
10078,20241128,4.0,4.08,2025,2
10061,20241110,1.0,17.79,2025,2
10067,20241122,1.0,118.88,2025,2
10166,20241129,2.0,40.74,2025,2
10000,20241110,1.0,11.1,2025,2
10081,20241109,1.0,8.66,2025,2
10008,20241130,1.0,109.81,2025,2
10069,20241124,1.0,7.8,2025,2
10153,20241127,1.0,39.84,2025,2
10035,20241125,2.0,85.82,2025,2
10169,20241116,1.0,14.17,2025,2
10000,20241122,2.0,22.2,2025,2
10057,20241120,1.0,12.33,2025,2
10076,20241114,144.0,0.0,2025,2
10159,20241107,1.0,120.71,2025,2
10010,20241120,1.0,122.33,2025,2
10000,20241120,2.0,22.2,2025,2
10081,20241119,2.0,17.32,2025,2
10150,20241126,1.0,21.48,2025,2
10069,20241120,5.0,39.0,2025,2
10000,20241107,3.0,33.3,2025,2
10081,20241117,1.0,8.66,2025,2
10151,20241109,1.0,68.35,2025,2
10165,20241116,1.0,55.95,2025,2
10000,20241114,4.0,44.4,2025,2
10105,20241122,1.0,29.34,2025,2
10113,20241115,1.0,12.38,2025,2
10051,20241123,1.0,21.68,2025,2
10056,20241122,4.0,59.0,2025,2
10076,20241129,212.0,0.0,2025,2
10000,20241117,11.0,122.1,2025,2
10056,20241129,1.0,14.75,2025,2
10078,20241113,12.0,12.24,2025,2
10086,20241116,1.0,15.79,2025,2
10035,20241109,1.0,42.91,2025,2
10093,20241104,1.0,14.29,2025,2
10070,20241103,1.0,31.0,2025,2
10095,20241119,1.0,30.51,2025,2
10018,20241127,1.0,50.9,2025,2
10003,20241118,2.0,21.58,2025,2
10003,20241108,1.0,10.79,2025,2
10078,20241103,6.0,6.12,2025,2
10076,20241112,211.0,0.0,2025,2
10005,20241118,1.0,19.64,2025,2
10179,20241127,1.0,24.19,2025,2
10051,20241127,1.0,21.68,2025,2
10078,20241117,8.0,8.16,2025,2
10003,20241106,1.0,10.79,2025,2
10065,20241106,1.0,15.32,2025,2
10010,20241118,1.0,122.33,2025,2
10002,20241126,1.0,13.72,2025,2
10000,20241118,1.0,11.1,2025,2
10062,20241121,1.0,223.69,2025,2
10150,20241105,1.0,21.48,2025,2
10061,20241103,1.0,17.79,2025,2
10150,20241127,2.0,42.96,2025,2
10102,20241122,1.0,13.6,2025,2
10078,20241124,7.0,7.14,2025,2
10051,20241103,1.0,21.68,2025,2
10078,20241107,7.0,7.14,2025,2
10163,20241125,1.0,39.93,2025,2
10038,20241119,1.0,114.02,2025,2
10166,20241107,2.0,40.74,2025,2
10125,20241112,1.0,27.93,2025,2
10163,20241106,-3.0,-119.79,2025,2
10163,20241119,1.0,39.93,2025,2
10080,20241126,1.0,10.66,2025,2
10061,20241115,1.0,17.79,2025,2
10078,20241126,11.0,11.22,2025,2
10078,20241120,3.0,3.06,2025,2
10069,20241116,2.0,15.6,2025,2
10076,20241105,246.0,0.0,2025,2
10160,20241112,1.0,92.74,2025,2
10076,20241115,319.0,0.0,2025,2
10078,20241110,8.0,8.16,2025,2
10043,20241124,3.0,15.27,2025,2
10000,20241125,1.0,11.1,2025,2
10076,20241123,171.0,0.0,2025,2
10161,20241110,1.0,302.1,2025,2
10005,20241108,1.0,19.64,2025,2
10095,20241115,1.0,30.51,2025,2
10004,20241114,1.0,8.38,2025,2
10110,20241104,1.0,20.63,2025,2
10172,20241126,1.0,11.73,2025,2
10076,20241118,187.0,0.0,2025,2
10078,20241119,7.0,7.14,2025,2
10076,20241108,183.0,0.0,2025,2
10078,20241109,8.0,8.16,2025,2
10102,20241128,1.0,13.6,2025,2
10097,20241121,1.0,132.77,2025,2
10168,20241111,1.0,138.1,2025,2
10144,20241113,2.0,89.04,2025,2
10076,20241106,245.0,0.0,2025,2
10054,20241110,1.0,10.82,2025,2
10069,20241126,2.0,15.6,2025,2
10076,20241111,222.0,0.0,2025,2
10154,20241130,1.0,23.62,2025,2
10043,20241122,4.0,20.36,2025,2
10007,20241108,2.0,86.92,2025,2
10054,20241120,1.0,10.82,2025,2
10078,20241127,5.0,5.1,2025,2
10076,20241121,172.0,0.0,2025,2
10011,20241121,1.0,30.44,2025,2
10165,20241122,1.0,55.95,2025,2
10043,20241123,1.0,5.09,2025,2
10159,20241111,1.0,120.71,2025,2
10003,20241107,1.0,10.79,2025,2
10163,20241103,1.0,39.93,2025,2
10059,20241125,1.0,15.22,2025,2
10076,20241116,159.0,0.0,2025,2
10076,20241128,139.0,0.0,2025,2
10078,20241123,7.0,7.14,2025,2
10043,20241104,2.0,10.18,2025,2
10057,20241121,1.0,12.33,2025,2
10057,20241111,1.0,12.33,2025,2
10164,20241104,1.0,16.35,2025,2
10069,20241117,3.0,23.4,2025,2
10080,20241104,1.0,10.66,2025,2
10168,20241106,1.0,138.1,2025,2
10078,20241114,6.0,6.12,2025,2
10078,20241104,12.0,12.24,2025,2
10069,20241112,1.0,7.8,2025,2
10135,20241114,1.0,15.37,2025,2
10168,20241118,1.0,138.1,2025,2
10069,20241104,1.0,7.8,2025,2
10076,20241130,223.0,0.0,2025,2
10003,20241112,4.0,43.16,2025,2
10153,20241104,1.0,39.84,2025,2
10159,20241118,1.0,120.71,2025,2
10001,20241104,1.0,38.05,2025,2
10074,20241110,1.0,35.4,2025,2
10001,20241112,1.0,38.05,2025,2
10067,20241113,1.0,118.88,2025,2
10078,20241122,6.0,6.12,2025,2
10163,20241104,3.0,119.79,2025,2
10095,20241128,1.0,30.51,2025,2
10052,20241117,1.0,37.9,2025,2
10078,20241129,3.0,3.06,2025,2
10096,20241122,1.0,54.79,2025,2
10014,20241112,2.0,35.18,2025,2
10093,20241129,1.0,14.29,2025,2
10076,20241113,263.0,0.0,2025,2
10076,20241103,219.0,0.0,2025,2
10043,20241126,4.0,20.36,2025,2
10113,20241104,2.0,24.76,2025,2
10076,20241125,152.0,0.0,2025,2
10095,20241113,1.0,30.51,2025,2
10102,20241104,1.0,13.6,2025,2
10057,20241202,2.0,24.66,2025,3
10144,20241217,1.0,44.52,2025,3
10027,20241204,2.0,276.32,2025,3
10052,20241219,1.0,37.9,2025,3
10010,20241230,1.0,122.33,2025,3
10069,20241211,2.0,15.6,2025,3
10081,20241202,1.0,8.66,2025,3
10069,20241201,1.0,7.8,2025,3
10150,20241210,1.0,21.48,2025,3
10078,20241219,9.0,9.18,2025,3
10004,20241227,1.0,8.38,2025,3
10054,20241203,2.0,21.64,2025,3
10102,20241214,1.0,13.6,2025,3
10163,20241220,2.0,79.86,2025,3
10169,20241213,3.0,42.51,2025,3
10054,20241225,1.0,10.82,2025,3
10076,20241230,142.0,0.0,2025,3
10026,20241205,1.0,175.63,2025,3
10078,20241203,5.0,5.1,2025,3
10062,20241224,1.0,223.69,2025,3
10160,20241216,1.0,92.74,2025,3
10150,20241224,1.0,21.48,2025,3
10061,20241212,1.0,17.79,2025,3
10057,20241216,1.0,12.33,2025,3
10078,20241208,4.0,4.08,2025,3
10011,20241230,1.0,30.44,2025,3
10043,20241204,2.0,10.18,2025,3
10078,20241221,7.0,7.14,2025,3
10076,20241205,199.0,0.0,2025,3
10078,20241213,2.0,2.04,2025,3
10031,20241218,2.0,33.24,2025,3
10126,20241211,1.0,16.78,2025,3
10078,20241218,6.0,6.12,2025,3
10097,20241224,1.0,132.77,2025,3
10010,20241210,1.0,122.33,2025,3
10043,20241218,4.0,20.36,2025,3
10076,20241212,223.0,0.0,2025,3
10131,20241218,1.0,16.38,2025,3
10076,20241206,131.0,0.0,2025,3
10145,20241220,2.0,27.2,2025,3
10076,20241227,162.0,0.0,2025,3
10096,20241201,1.0,54.79,2025,3
10168,20241229,1.0,138.1,2025,3
10076,20241202,251.0,0.0,2025,3
10056,20241227,2.0,29.5,2025,3
10076,20241216,242.0,0.0,2025,3
10105,20241216,1.0,29.34,2025,3
10069,20241222,1.0,7.8,2025,3
10011,20241216,1.0,30.44,2025,3
10056,20241202,2.0,29.5,2025,3
10056,20241210,1.0,14.75,2025,3
10101,20241216,1.0,80.99,2025,3
10054,20241208,1.0,10.82,2025,3
10078,20241214,5.0,5.1,2025,3
10002,20241218,1.0,13.72,2025,3
10097,20241206,1.0,132.77,2025,3
10043,20241211,1.0,5.09,2025,3
10076,20241210,172.0,0.0,2025,3
10078,20241231,4.0,4.08,2025,3
10078,20241225,2.0,2.04,2025,3
10010,20241206,1.0,122.33,2025,3
10004,20241230,2.0,16.76,2025,3
10000,20241227,1.0,11.1,2025,3
10163,20241201,1.0,39.93,2025,3
10078,20241204,8.0,8.16,2025,3
10180,20241230,1.0,63.6,2025,3
10000,20241228,15.0,166.5,2025,3
10076,20241201,188.0,0.0,2025,3
10076,20241217,221.0,0.0,2025,3
10018,20241207,1.0,50.9,2025,3
10069,20241205,2.0,15.6,2025,3
10109,20241203,1.0,84.76,2025,3
10076,20241223,143.0,0.0,2025,3
10078,20241222,8.0,8.16,2025,3
10142,20241218,1.0,9.4,2025,3
10061,20241220,1.0,17.79,2025,3
10076,20241228,279.0,0.0,2025,3
10007,20241209,3.0,130.38,2025,3
10069,20241215,3.0,23.4,2025,3
10076,20241207,150.0,0.0,2025,3
10069,20241227,1.0,7.8,2025,3
10076,20241229,161.0,0.0,2025,3
10076,20241211,220.0,0.0,2025,3
10138,20241223,1.0,50.09,2025,3
10144,20241204,3.0,133.56,2025,3
10041,20241205,1.0,55.52,2025,3
10172,20241221,1.0,11.73,2025,3
10043,20241226,4.0,20.36,2025,3
10069,20241216,1.0,7.8,2025,3
10078,20241205,8.0,8.16,2025,3
10018,20241211,-1.0,-50.9,2025,3
10078,20241209,10.0,10.2,2025,3
10168,20241228,1.0,138.1,2025,3
10069,20241231,1.0,7.8,2025,3
10078,20241226,5.0,5.1,2025,3
10064,20241209,1.0,15.81,2025,3
10172,20241222,1.0,11.73,2025,3
10000,20241207,7.0,77.7,2025,3
10004,20241201,1.0,8.38,2025,3
10177,20241216,1.0,11.97,2025,3
10003,20241227,1.0,10.79,2025,3
10166,20241227,1.0,20.37,2025,3
10059,20241220,1.0,15.22,2025,3
10002,20241219,1.0,13.72,2025,3
10069,20241206,-1.0,-7.8,2025,3
10076,20241224,200.0,0.0,2025,3
10061,20241213,2.0,35.58,2025,3
10031,20241215,1.0,16.62,2025,3
10130,20241219,1.0,91.16,2025,3
10006,20241209,1.0,395.4,2025,3
10078,20241215,5.0,5.1,2025,3
10153,20241227,1.0,39.84,2025,3
10076,20241220,198.0,0.0,2025,3
10135,20241205,1.0,15.37,2025,3
10043,20241205,2.0,10.18,2025,3
10150,20241213,1.0,21.48,2025,3
10076,20241213,151.0,0.0,2025,3
10078,20241212,8.0,8.16,2025,3
10052,20241202,1.0,37.9,2025,3
10075,20241211,1.0,135.97,2025,3
10076,20241218,197.0,0.0,2025,3
10097,20241231,1.0,132.77,2025,3
10041,20241217,1.0,55.52,2025,3
10059,20241218,1.0,15.22,2025,3
10000,20241231,1.0,11.1,2025,3
10097,20241204,1.0,132.77,2025,3
10003,20241228,2.0,21.58,2025,3
10160,20241208,1.0,92.74,2025,3
10059,20241221,1.0,15.22,2025,3
10054,20241202,3.0,32.46,2025,3
10007,20241226,1.0,43.46,2025,3
10061,20241209,2.0,35.58,2025,3
10109,20241221,1.0,84.76,2025,3
10076,20241203,178.0,0.0,2025,3
10040,20241224,1.0,125.76,2025,3
10159,20241214,1.0,120.71,2025,3
10069,20241223,2.0,15.6,2025,3
10109,20241226,1.0,84.76,2025,3
10076,20241208,209.0,0.0,2025,3
10102,20241202,1.0,13.6,2025,3
10135,20241210,1.0,15.37,2025,3
10069,20241228,5.0,39.0,2025,3
10081,20241204,1.0,8.66,2025,3
10076,20241221,230.0,0.0,2025,3
10078,20241230,45.0,45.9,2025,3
10069,20241217,4.0,31.2,2025,3
10144,20241226,1.0,44.52,2025,3
10065,20241217,1.0,15.32,2025,3
10179,20241202,1.0,24.19,2025,3
10064,20241212,1.0,15.81,2025,3
10057,20241225,3.0,36.99,2025,3
10135,20241223,1.0,15.37,2025,3
10168,20241218,1.0,138.1,2025,3
10078,20241216,5.0,5.1,2025,3
10078,20241206,3.0,3.06,2025,3
10080,20241223,1.0,10.66,2025,3
10126,20241204,1.0,16.78,2025,3
10078,20241227,9.0,9.18,2025,3
10109,20241220,1.0,84.76,2025,3
10094,20241217,1.0,292.75,2025,3
10078,20241202,24.0,24.48,2025,3
10078,20241210,3.0,3.06,2025,3
10000,20241201,1.0,11.1,2025,3
10076,20241231,134.0,0.0,2025,3
10064,20241202,1.0,15.81,2025,3
10076,20241225,195.0,0.0,2025,3
10096,20241223,1.0,54.79,2025,3
10150,20241218,1.0,21.48,2025,3
10076,20241214,169.0,0.0,2025,3
10060,20241208,1.0,84.32,2025,3
10102,20241224,1.0,13.6,2025,3
10076,20241204,184.0,0.0,2025,3
10009,20241202,1.0,77.43,2025,3
10083,20241228,1.0,301.64,2025,3
10068,20241216,1.0,6.5,2025,3
10177,20241226,1.0,11.97,2025,3
10069,20241230,1.0,7.8,2025,3
10078,20241201,2.0,2.04,2025,3
10076,20241222,139.0,0.0,2025,3
10078,20241223,3.0,3.06,2025,3
10064,20241211,2.0,31.62,2025,3
10163,20241225,3.0,119.79,2025,3
10078,20241228,5.0,5.1,2025,3
10043,20241224,2.0,10.18,2025,3
10129,20241225,1.0,15.53,2025,3
10078,20241211,13.0,13.26,2025,3
10059,20241226,1.0,15.22,2025,3
10069,20241218,1.0,7.8,2025,3
10166,20241203,2.0,40.74,2025,3
10043,20241229,2.0,10.18,2025,3
10054,20241229,1.0,10.82,2025,3
10142,20241216,1.0,9.4,2025,3
10078,20241224,2.0,2.04,2025,3
10129,20241214,1.0,15.53,2025,3
10000,20241222,3.0,33.3,2025,3
10078,20241229,6.0,6.12,2025,3
10043,20241220,4.0,20.36,2025,3
10003,20241230,1.0,10.79,2025,3
10069,20241213,1.0,7.8,2025,3
10008,20241214,1.0,109.81,2025,3
10095,20241226,1.0,30.51,2025,3
10069,20241208,7.0,54.6,2025,3
10154,20241209,1.0,23.62,2025,3
10069,20241204,3.0,23.4,2025,3
10032,20241223,2.0,37.22,2025,3
10154,20241226,1.0,23.62,2025,3
10000,20241215,2.0,22.2,2025,3
10081,20241212,3.0,25.98,2025,3
10084,20241226,1.0,39.65,2025,3
10069,20241210,3.0,23.4,2025,3
10000,20241221,3.0,33.3,2025,3
10041,20241203,1.0,55.52,2025,3
10000,20241205,1.0,11.1,2025,3
10126,20241209,1.0,16.78,2025,3
10154,20241215,1.0,23.62,2025,3
10031,20241224,1.0,16.62,2025,3
10076,20241219,166.0,0.0,2025,3
10054,20241230,1.0,10.82,2025,3
10078,20241207,11.0,11.22,2025,3
10164,20241208,1.0,16.35,2025,3
10002,20241228,1.0,13.72,2025,3
10102,20241213,3.0,40.8,2025,3
10076,20241215,113.0,0.0,2025,3
10069,20241203,2.0,15.6,2025,3
10078,20241220,7.0,7.14,2025,3
10078,20241217,5.0,5.1,2025,3
10076,20241209,184.0,0.0,2025,3
10076,20241226,195.0,0.0,2025,3
10069,20241229,2.0,15.6,2025,3
10003,20250115,1.0,10.79,2025,4
10078,20250109,11.0,11.22,2025,4
10154,20250130,1.0,23.62,2025,4
10078,20250127,3.0,3.06,2025,4
10076,20250112,142.0,0.0,2025,4
10040,20250113,1.0,125.76,2025,4
10138,20250101,1.0,50.09,2025,4
10128,20250112,1.0,74.04,2025,4
10126,20250129,5.0,83.9,2025,4
10078,20250123,4.0,4.08,2025,4
10000,20250111,5.0,55.5,2025,4
10161,20250127,1.0,302.1,2025,4
10065,20250124,1.0,15.32,2025,4
10078,20250125,5.0,5.1,2025,4
10000,20250126,2.0,22.2,2025,4
10076,20250102,225.0,0.0,2025,4
10069,20250122,2.0,15.6,2025,4
10078,20250119,6.0,6.12,2025,4
10056,20250102,5.0,73.75,2025,4
10000,20250128,20.0,222.0,2025,4
10069,20250107,1.0,7.8,2025,4
10151,20250114,1.0,68.35,2025,4
10095,20250101,1.0,30.51,2025,4
10014,20250113,1.0,17.59,2025,4
10076,20250126,159.0,0.0,2025,4
10067,20250102,1.0,118.88,2025,4
10056,20250126,4.0,59.0,2025,4
10154,20250129,1.0,23.62,2025,4
10076,20250111,178.0,0.0,2025,4
10145,20250103,2.0,27.2,2025,4
10097,20250110,1.0,132.77,2025,4
10078,20250120,3.0,3.06,2025,4
10144,20250114,1.0,44.52,2025,4
10078,20250106,4.0,4.08,2025,4
10065,20250112,1.0,15.32,2025,4
10069,20250130,1.0,7.8,2025,4
10052,20250119,1.0,37.9,2025,4
10078,20250122,6.0,6.12,2025,4
10076,20250124,178.0,0.0,2025,4
10062,20250108,1.0,223.69,2025,4
10054,20250121,1.0,10.82,2025,4
10166,20250121,2.0,40.74,2025,4
10005,20250117,1.0,19.64,2025,4
10076,20250101,232.0,0.0,2025,4
10069,20250103,3.0,23.4,2025,4
10041,20250119,1.0,55.52,2025,4
10076,20250128,174.0,0.0,2025,4
10150,20250114,1.0,21.48,2025,4
10080,20250120,1.0,10.66,2025,4
10078,20250113,6.0,6.12,2025,4
10134,20250124,1.0,17.62,2025,4
10094,20250102,1.0,292.75,2025,4
10057,20250116,1.0,12.33,2025,4
10078,20250115,4.0,4.08,2025,4
10061,20250116,1.0,17.79,2025,4
10018,20250129,1.0,50.9,2025,4
10069,20250118,4.0,31.2,2025,4
10076,20250107,201.0,0.0,2025,4
10141,20250129,1.0,148.45,2025,4
10151,20250116,1.0,68.35,2025,4
10056,20250107,1.0,14.75,2025,4
10080,20250124,1.0,10.66,2025,4
10078,20250124,5.0,5.1,2025,4
10076,20250117,252.0,0.0,2025,4
10080,20250103,1.0,10.66,2025,4
10097,20250106,2.0,265.54,2025,4
10002,20250122,1.0,13.72,2025,4
10043,20250105,4.0,20.36,2025,4
10069,20250108,1.0,7.8,2025,4
10078,20250103,5.0,5.1,2025,4
10080,20250105,1.0,10.66,2025,4
10078,20250121,8.0,8.16,2025,4
10056,20250116,3.0,44.25,2025,4
10078,20250105,3.0,3.06,2025,4
10076,20250129,184.0,0.0,2025,4
10007,20250123,1.0,43.46,2025,4
10069,20250102,3.0,23.4,2025,4
10081,20250110,4.0,34.64,2025,4
10052,20250118,1.0,37.9,2025,4
10076,20250130,192.0,0.0,2025,4
10052,20250108,1.0,37.9,2025,4
10002,20250121,1.0,13.72,2025,4
10153,20250102,1.0,39.84,2025,4
10004,20250129,1.0,8.38,2025,4
10067,20250117,1.0,118.88,2025,4
10059,20250107,1.0,15.22,2025,4
10059,20250116,1.0,15.22,2025,4
10069,20250112,1.0,7.8,2025,4
10067,20250104,1.0,118.88,2025,4
10069,20250101,1.0,7.8,2025,4
10043,20250127,2.0,10.18,2025,4
10076,20250114,200.0,0.0,2025,4
10014,20250101,1.0,17.59,2025,4
10043,20250112,2.0,10.18,2025,4
10105,20250123,1.0,29.34,2025,4
10003,20250107,2.0,21.58,2025,4
10078,20250118,5.0,5.1,2025,4
10078,20250108,6.0,6.12,2025,4
10041,20250102,1.0,55.52,2025,4
10003,20250124,1.0,10.79,2025,4
10018,20250130,1.0,50.9,2025,4
10076,20250104,188.0,0.0,2025,4
10076,20250110,161.0,0.0,2025,4
10144,20250129,1.0,44.52,2025,4
10069,20250124,-1.0,-7.8,2025,4
10067,20250114,1.0,118.88,2025,4
10069,20250111,2.0,15.6,2025,4
10069,20250105,2.0,15.6,2025,4
10159,20250104,1.0,120.71,2025,4
10102,20250115,2.0,27.2,2025,4
10076,20250127,204.0,0.0,2025,4
10078,20250112,7.0,7.14,2025,4
10032,20250114,1.0,18.61,2025,4
10062,20250115,1.0,223.69,2025,4
10065,20250106,1.0,15.32,2025,4
10052,20250104,1.0,37.9,2025,4
10076,20250123,151.0,0.0,2025,4
10166,20250106,1.0,20.37,2025,4
10002,20250110,1.0,13.72,2025,4
10076,20250108,218.0,0.0,2025,4
10076,20250125,186.0,0.0,2025,4
10166,20250125,1.0,20.37,2025,4
10076,20250118,169.0,0.0,2025,4
10092,20250118,1.0,5.87,2025,4
10075,20250130,1.0,135.97,2025,4
10166,20250119,2.0,40.74,2025,4
10078,20250102,6.0,6.12,2025,4
10141,20250115,1.0,148.45,2025,4
10000,20250127,1.0,11.1,2025,4
10076,20250119,201.0,0.0,2025,4
10051,20250120,1.0,21.68,2025,4
10102,20250114,1.0,13.6,2025,4
10078,20250111,11.0,11.22,2025,4
10078,20250101,4.0,4.08,2025,4
10031,20250126,1.0,16.62,2025,4
10120,20250103,1.0,19.64,2025,4
10076,20250109,223.0,0.0,2025,4
10078,20250126,1.0,1.02,2025,4
10109,20250124,1.0,84.76,2025,4
10061,20250121,2.0,35.58,2025,4
10038,20250126,1.0,114.02,2025,4
10076,20250106,157.0,0.0,2025,4
10078,20250128,6.0,6.12,2025,4
10007,20250110,1.0,43.46,2025,4
10069,20250126,2.0,15.6,2025,4
10081,20250107,2.0,17.32,2025,4
10067,20250106,1.0,118.88,2025,4
10076,20250116,231.0,0.0,2025,4
10145,20250114,2.0,27.2,2025,4
10101,20250113,1.0,80.99,2025,4
10097,20250122,2.0,265.54,2025,4
10081,20250130,1.0,8.66,2025,4
10057,20250122,1.0,12.33,2025,4
10061,20250122,1.0,17.79,2025,4
10159,20250105,1.0,120.71,2025,4
10081,20250109,1.0,8.66,2025,4
10069,20250114,4.0,31.2,2025,4
10076,20250120,176.0,0.0,2025,4
10069,20250104,2.0,15.6,2025,4
10002,20250129,2.0,27.44,2025,4
10057,20250121,1.0,12.33,2025,4
10000,20250103,2.0,22.2,2025,4
10081,20250108,2.0,17.32,2025,4
10182,20250123,1.0,12.09,2025,4
10076,20250113,231.0,0.0,2025,4
10076,20250122,190.0,0.0,2025,4
10007,20250101,2.0,86.92,2025,4
10076,20250115,180.0,0.0,2025,4
10075,20250101,1.0,135.97,2025,4
10003,20250125,3.0,32.37,2025,4
10078,20250117,4.0,4.08,2025,4
10078,20250107,11.0,11.22,2025,4
10025,20250107,1.0,148.36,2025,4
10078,20250116,4.0,4.08,2025,4
10141,20250114,1.0,148.45,2025,4
10105,20250103,1.0,29.34,2025,4
10076,20250103,182.0,0.0,2025,4
10109,20250126,1.0,84.76,2025,4
10076,20250121,210.0,0.0,2025,4
10069,20250119,1.0,7.8,2025,4
10092,20250121,3.0,17.61,2025,4
10069,20250123,5.0,39.0,2025,4
10076,20250105,140.0,0.0,2025,4
10056,20250103,1.0,14.75,2025,4
10054,20250116,2.0,21.64,2025,4
10056,20250105,4.0,59.0,2025,4
10169,20250106,2.0,28.34,2025,4
10003,20250119,2.0,21.58,2025,4
10159,20250103,1.0,120.71,2025,4
10035,20250126,1.0,42.91,2025,4
10138,20250113,1.0,50.09,2025,4
10008,20250127,1.0,109.81,2025,4
10078,20250130,8.0,8.16,2025,4
10058,20250111,1.0,17.12,2025,4
10010,20250124,1.0,122.33,2025,4
10093,20250111,1.0,14.29,2025,4
10065,20250128,2.0,30.64,2025,4
10004,20250109,1.0,8.38,2025,4
10137,20250119,1.0,137.02,2025,4
10069,20250128,5.0,39.0,2025,4
10102,20250116,1.0,13.6,2025,4
10109,20250111,1.0,84.76,2025,4
10069,20250106,1.0,7.8,2025,4
10014,20250106,1.0,17.59,2025,4
10078,20250110,3.0,3.06,2025,4
10061,20250115,1.0,17.79,2025,4
10153,20250123,1.0,39.84,2025,4
10002,20250114,1.0,13.72,2025,4
10154,20250102,1.0,23.62,2025,4
10059,20250127,1.0,15.22,2025,4
10078,20250104,4.0,4.08,2025,4
10054,20250129,1.0,10.82,2025,4
10057,20250112,1.0,12.33,2025,4
10080,20250129,1.0,10.66,2025,4
10084,20250121,1.0,39.65,2025,4
10078,20250129,4.0,4.08,2025,4
10090,20250125,1.0,30.56,2025,4
10078,20250114,7.0,7.14,2025,4
10147,20250102,1.0,190.56,2025,4
10057,20250118,1.0,12.33,2025,4
10182,20250215,1.0,12.09,2025,5
10001,20250227,5.0,190.25,2025,5
10060,20250202,1.0,84.32,2025,5
10069,20250201,1.0,7.8,2025,5
10162,20250204,1.0,132.92,2025,5
10076,20250301,211.0,0.0,2025,5
10094,20250205,1.0,292.75,2025,5
10031,20250131,1.0,16.62,2025,5
10145,20250223,1.0,13.6,2025,5
10000,20250209,1.0,11.1,2025,5
10007,20250202,1.0,43.46,2025,5
10078,20250225,8.0,8.16,2025,5
10135,20250226,1.0,15.37,2025,5
10129,20250227,1.0,15.53,2025,5
10000,20250220,1.0,11.1,2025,5
10069,20250211,3.0,23.4,2025,5
10061,20250204,1.0,17.79,2025,5
10078,20250226,5.0,5.1,2025,5
10043,20250223,3.0,15.27,2025,5
10081,20250207,1.0,8.66,2025,5
10064,20250221,1.0,15.81,2025,5
10078,20250223,9.0,9.18,2025,5
10005,20250301,1.0,19.64,2025,5
10002,20250221,1.0,13.72,2025,5
10129,20250216,2.0,31.06,2025,5
10076,20250209,206.0,0.0,2025,5
10076,20250204,250.0,0.0,2025,5
10076,20250215,149.0,0.0,2025,5
10165,20250302,1.0,55.95,2025,5
10137,20250214,1.0,137.02,2025,5
10069,20250206,4.0,31.2,2025,5
10090,20250205,1.0,30.56,2025,5
10069,20250213,1.0,7.8,2025,5
10154,20250204,1.0,23.62,2025,5
10069,20250203,1.0,7.8,2025,5
10104,20250223,0.0,0.0,2025,5
10078,20250210,4.0,4.08,2025,5
10159,20250204,1.0,120.71,2025,5
10174,20250207,1.0,2.6,2025,5
10078,20250131,14.0,14.28,2025,5
10006,20250221,1.0,395.4,2025,5
10142,20250218,1.0,9.4,2025,5
10154,20250228,1.0,23.62,2025,5
10061,20250207,1.0,17.79,2025,5
10038,20250219,1.0,114.02,2025,5
10076,20250205,162.0,0.0,2025,5
10031,20250226,1.0,16.62,2025,5
10069,20250219,6.0,46.8,2025,5
10076,20250222,162.0,0.0,2025,5
10078,20250221,6.0,6.12,2025,5
10008,20250201,1.0,109.81,2025,5
10076,20250214,162.0,0.0,2025,5
10003,20250224,1.0,10.79,2025,5
10065,20250211,1.0,15.32,2025,5
10076,20250217,178.0,0.0,2025,5
10057,20250208,2.0,24.66,2025,5
10069,20250227,6.0,46.8,2025,5
10003,20250217,1.0,10.79,2025,5
10000,20250212,1.0,11.1,2025,5
10061,20250213,1.0,17.79,2025,5
10097,20250221,1.0,132.77,2025,5
10054,20250215,1.0,10.82,2025,5
10150,20250218,1.0,21.48,2025,5
10078,20250218,8.0,8.16,2025,5
10084,20250302,1.0,39.65,2025,5
10154,20250302,1.0,23.62,2025,5
10081,20250218,2.0,17.32,2025,5
10080,20250219,1.0,10.66,2025,5
10078,20250208,4.0,4.08,2025,5
10056,20250213,2.0,29.5,2025,5
10032,20250205,1.0,18.61,2025,5
10182,20250227,1.0,12.09,2025,5
10182,20250222,0.0,0.0,2025,5
10078,20250205,4.0,4.08,2025,5
10135,20250206,1.0,15.37,2025,5
10080,20250222,1.0,10.66,2025,5
10129,20250207,1.0,15.53,2025,5
10031,20250211,2.0,33.24,2025,5
10076,20250207,229.0,0.0,2025,5
10005,20250213,1.0,19.64,2025,5
10078,20250215,4.0,4.08,2025,5
10150,20250224,2.0,42.96,2025,5
10078,20250201,10.0,10.2,2025,5
10105,20250302,1.0,29.34,2025,5
10076,20250302,238.0,0.0,2025,5
10069,20250222,1.0,7.8,2025,5
10069,20250223,1.0,7.8,2025,5
10076,20250228,151.0,0.0,2025,5
10003,20250215,1.0,10.79,2025,5
10163,20250217,1.0,39.93,2025,5
10184,20250210,1.0,19.96,2025,5
10145,20250222,1.0,13.6,2025,5
10109,20250221,1.0,84.76,2025,5
10007,20250214,1.0,43.46,2025,5
10135,20250225,1.0,15.37,2025,5
10125,20250203,1.0,27.93,2025,5
10153,20250207,1.0,39.84,2025,5
10163,20250215,1.0,39.93,2025,5
10078,20250219,4.0,4.08,2025,5
10005,20250207,2.0,39.28,2025,5
10030,20250215,1.0,30.74,2025,5
10184,20250214,1.0,19.96,2025,5
10057,20250220,1.0,12.33,2025,5
10078,20250216,4.0,4.08,2025,5
10076,20250212,161.0,0.0,2025,5
10078,20250211,4.0,4.08,2025,5
10076,20250213,168.0,0.0,2025,5
10150,20250226,1.0,21.48,2025,5
10153,20250215,1.0,39.84,2025,5
10078,20250227,3.0,3.06,2025,5
10142,20250214,2.0,18.8,2025,5
10076,20250224,180.0,0.0,2025,5
10069,20250209,1.0,7.8,2025,5
10069,20250215,1.0,7.8,2025,5
10087,20250211,1.0,41.36,2025,5
10069,20250205,3.0,23.4,2025,5
10078,20250206,7.0,7.14,2025,5
10109,20250214,1.0,84.76,2025,5
10076,20250202,167.0,0.0,2025,5
10076,20250203,265.0,0.0,2025,5
10166,20250207,2.0,40.74,2025,5
10076,20250220,154.0,0.0,2025,5
10032,20250204,1.0,18.61,2025,5
10030,20250212,1.0,30.74,2025,5
10113,20250202,2.0,24.76,2025,5
10000,20250226,2.0,22.2,2025,5
10069,20250207,1.0,7.8,2025,5
10007,20250213,2.0,86.92,2025,5
10059,20250226,2.0,30.44,2025,5
10076,20250131,183.0,0.0,2025,5
10092,20250131,4.0,23.48,2025,5
10172,20250219,1.0,11.73,2025,5
10069,20250202,3.0,23.4,2025,5
10078,20250301,6.0,6.12,2025,5
10164,20250131,1.0,16.35,2025,5
10000,20250223,1.0,11.1,2025,5
10105,20250225,1.0,29.34,2025,5
10076,20250225,180.0,0.0,2025,5
10003,20250208,5.0,53.95,2025,5
10069,20250204,1.0,7.8,2025,5
10069,20250217,1.0,7.8,2025,5
10113,20250228,1.0,12.38,2025,5
10056,20250225,2.0,29.5,2025,5
10164,20250208,1.0,16.35,2025,5
10038,20250208,1.0,114.02,2025,5
10043,20250212,1.0,5.09,2025,5
10076,20250223,196.0,0.0,2025,5
10067,20250210,1.0,118.88,2025,5
10000,20250225,1.0,11.1,2025,5
10040,20250302,1.0,125.76,2025,5
10001,20250212,1.0,38.05,2025,5
10078,20250204,4.0,4.08,2025,5
10169,20250222,1.0,14.17,2025,5
10069,20250220,1.0,7.8,2025,5
10002,20250214,1.0,13.72,2025,5
10160,20250205,1.0,92.74,2025,5
10076,20250210,184.0,0.0,2025,5
10064,20250217,1.0,15.81,2025,5
10076,20250226,221.0,0.0,2025,5
10011,20250226,1.0,30.44,2025,5
10076,20250221,191.0,0.0,2025,5
10144,20250227,1.0,44.52,2025,5
10078,20250214,8.0,8.16,2025,5
10002,20250215,2.0,27.44,2025,5
10080,20250217,2.0,21.32,2025,5
10078,20250217,12.0,12.24,2025,5
10160,20250210,1.0,92.74,2025,5
10035,20250206,1.0,42.91,2025,5
10061,20250131,1.0,17.79,2025,5
10078,20250222,7.0,7.14,2025,5
10078,20250209,4.0,4.08,2025,5
10078,20250207,6.0,6.12,2025,5
10160,20250131,1.0,92.74,2025,5
10080,20250203,1.0,10.66,2025,5
10078,20250302,6.0,6.12,2025,5
10144,20250301,1.0,44.52,2025,5
10000,20250205,6.0,66.6,2025,5
10007,20250222,2.0,86.92,2025,5
10003,20250131,2.0,21.58,2025,5
10076,20250218,220.0,0.0,2025,5
10131,20250218,2.0,32.76,2025,5
10076,20250208,248.0,0.0,2025,5
10069,20250228,3.0,23.4,2025,5
10061,20250206,1.0,17.79,2025,5
10000,20250215,6.0,66.6,2025,5
10078,20250213,8.0,8.16,2025,5
10061,20250215,1.0,17.79,2025,5
10081,20250206,1.0,8.66,2025,5
10054,20250224,1.0,10.82,2025,5
10076,20250211,195.0,0.0,2025,5
10076,20250201,172.0,0.0,2025,5
10069,20250221,2.0,15.6,2025,5
10081,20250216,4.0,34.64,2025,5
10084,20250227,2.0,79.3,2025,5
10154,20250201,1.0,23.62,2025,5
10078,20250202,1.0,1.02,2025,5
10078,20250203,8.0,8.16,2025,5
10078,20250220,3.0,3.06,2025,5
10000,20250211,2.0,22.2,2025,5
10078,20250228,6.0,6.12,2025,5
10002,20250213,1.0,13.72,2025,5
10076,20250219,172.0,0.0,2025,5
10065,20250218,1.0,15.32,2025,5
10056,20250219,2.0,29.5,2025,5
10144,20250213,1.0,44.52,2025,5
10168,20250201,1.0,138.1,2025,5
10078,20250212,6.0,6.12,2025,5
10145,20250204,1.0,13.6,2025,5
10003,20250221,1.0,10.79,2025,5
10052,20250302,1.0,37.9,2025,5
10142,20250207,3.0,28.2,2025,5
10076,20250227,190.0,0.0,2025,5
10144,20250222,1.0,44.52,2025,5
10093,20250223,1.0,14.29,2025,5
10076,20250216,182.0,0.0,2025,5
10041,20250302,1.0,55.52,2025,5
10076,20250206,114.0,0.0,2025,5
10027,20250207,2.0,276.32,2025,5
10010,20250219,1.0,122.33,2025,5
10078,20250224,5.0,5.1,2025,5
10054,20250202,1.0,10.82,2025,5
10054,20250307,1.0,10.82,2025,6
10010,20250330,1.0,122.33,2025,6
10080,20250307,1.0,10.66,2025,6
10078,20250307,7.0,7.14,2025,6
10000,20250309,1.0,11.1,2025,6
10054,20250308,2.0,21.64,2025,6
10080,20250303,1.0,10.66,2025,6
10138,20250304,1.0,50.09,2025,6
10078,20250313,8.0,8.16,2025,6
10078,20250315,3.0,3.06,2025,6
10078,20250303,11.0,11.22,2025,6
10101,20250319,1.0,80.99,2025,6
10064,20250326,1.0,15.81,2025,6
10078,20250305,2.0,2.04,2025,6
10069,20250312,4.0,31.2,2025,6
10000,20250314,2.0,22.2,2025,6
10003,20250306,1.0,10.79,2025,6
10061,20250319,2.0,35.58,2025,6
10078,20250317,5.0,5.1,2025,6
10043,20250318,2.0,10.18,2025,6
10000,20250319,1.0,11.1,2025,6
10081,20250309,1.0,8.66,2025,6
10076,20250330,211.0,0.0,2025,6
10159,20250314,1.0,120.71,2025,6
10061,20250321,1.0,17.79,2025,6
10000,20250321,20.0,222.0,2025,6
10056,20250330,1.0,14.75,2025,6
10032,20250401,1.0,18.61,2025,6
10169,20250303,1.0,14.17,2025,6
10131,20250322,1.0,16.38,2025,6
10078,20250401,5.0,5.1,2025,6
10154,20250319,2.0,47.24,2025,6
10134,20250305,1.0,17.62,2025,6
10014,20250316,1.0,17.59,2025,6
10090,20250312,1.0,30.56,2025,6
10144,20250320,1.0,44.52,2025,6
10002,20250401,1.0,13.72,2025,6
10145,20250330,1.0,13.6,2025,6
10137,20250311,1.0,137.02,2025,6
10002,20250317,1.0,13.72,2025,6
10154,20250325,2.0,47.24,2025,6
10003,20250305,1.0,10.79,2025,6
10078,20250316,3.0,3.06,2025,6
10003,20250308,1.0,10.79,2025,6
10076,20250321,196.0,0.0,2025,6
10069,20250318,1.0,7.8,2025,6
10076,20250329,138.0,0.0,2025,6
10078,20250312,8.0,8.16,2025,6
10185,20250315,1.0,10.65,2025,6
10069,20250307,1.0,7.8,2025,6
10003,20250318,1.0,10.79,2025,6
10105,20250311,1.0,29.34,2025,6
10000,20250323,1.0,11.1,2025,6
10076,20250311,200.0,0.0,2025,6
10076,20250324,159.0,0.0,2025,6
10054,20250312,1.0,10.82,2025,6
10011,20250324,1.0,30.44,2025,6
10054,20250317,1.0,10.82,2025,6
10164,20250311,1.0,16.35,2025,6
10052,20250307,1.0,37.9,2025,6
10081,20250323,1.0,8.66,2025,6
10129,20250314,1.0,15.53,2025,6
10078,20250325,4.0,4.08,2025,6
10144,20250307,1.0,44.52,2025,6
10008,20250319,1.0,109.81,2025,6
10043,20250331,4.0,20.36,2025,6
10095,20250306,1.0,30.51,2025,6
10076,20250316,136.0,0.0,2025,6
10038,20250326,1.0,114.02,2025,6
10076,20250306,157.0,0.0,2025,6
10061,20250310,2.0,35.58,2025,6
10052,20250322,1.0,37.9,2025,6
10000,20250310,1.0,11.1,2025,6
10069,20250326,3.0,23.4,2025,6
10002,20250307,1.0,13.72,2025,6
10080,20250329,1.0,10.66,2025,6
10000,20250327,1.0,11.1,2025,6
10087,20250329,1.0,41.36,2025,6
10182,20250306,1.0,12.09,2025,6
10169,20250325,1.0,14.17,2025,6
10078,20250329,4.0,4.08,2025,6
10000,20250325,1.0,11.1,2025,6
10164,20250324,1.0,16.35,2025,6
10150,20250330,2.0,42.96,2025,6
10001,20250326,2.0,76.1,2025,6
10109,20250313,1.0,84.76,2025,6
10076,20250327,218.0,0.0,2025,6
10080,20250401,1.0,10.66,2025,6
10076,20250323,186.0,0.0,2025,6
10003,20250321,1.0,10.79,2025,6
10064,20250322,1.0,15.81,2025,6
10076,20250319,121.0,0.0,2025,6
10069,20250401,1.0,7.8,2025,6
10078,20250326,6.0,6.12,2025,6
10131,20250329,1.0,16.38,2025,6
10125,20250323,1.0,27.93,2025,6
10078,20250318,6.0,6.12,2025,6
10078,20250308,8.0,8.16,2025,6
10010,20250314,1.0,122.33,2025,6
10078,20250331,5.0,5.1,2025,6
10057,20250327,1.0,12.33,2025,6
10043,20250315,6.0,30.54,2025,6
10054,20250315,3.0,32.46,2025,6
10061,20250327,1.0,17.79,2025,6
10040,20250312,1.0,125.76,2025,6
10002,20250308,1.0,13.72,2025,6
10076,20250309,178.0,0.0,2025,6
10169,20250326,1.0,14.17,2025,6
10150,20250314,1.0,21.48,2025,6
10092,20250309,1.0,5.87,2025,6
10069,20250329,1.0,7.8,2025,6
10089,20250306,2.0,0.0,2025,6
10153,20250321,1.0,39.84,2025,6
10142,20250322,1.0,9.4,2025,6
10154,20250314,2.0,47.24,2025,6
10076,20250304,210.0,0.0,2025,6
10093,20250320,1.0,14.29,2025,6
10069,20250321,7.0,54.6,2025,6
10169,20250331,2.0,28.34,2025,6
10134,20250326,1.0,17.62,2025,6
10069,20250324,3.0,23.4,2025,6
10069,20250311,1.0,7.8,2025,6
10136,20250321,1.0,113.61,2025,6
10134,20250315,1.0,17.62,2025,6
10078,20250322,8.0,8.16,2025,6
10150,20250304,2.0,42.96,2025,6
10076,20250314,169.0,0.0,2025,6
10076,20250307,219.0,0.0,2025,6
10011,20250326,1.0,30.44,2025,6
10113,20250325,1.0,12.38,2025,6
10069,20250327,2.0,15.6,2025,6
10076,20250305,200.0,0.0,2025,6
10069,20250323,2.0,15.6,2025,6
10067,20250317,1.0,118.88,2025,6
10150,20250308,4.0,85.92,2025,6
10076,20250313,173.0,0.0,2025,6
10131,20250311,1.0,16.38,2025,6
10076,20250315,209.0,0.0,2025,6
10084,20250303,1.0,39.65,2025,6
10056,20250313,2.0,29.5,2025,6
10032,20250311,1.0,18.61,2025,6
10076,20250317,213.0,0.0,2025,6
10087,20250330,1.0,41.36,2025,6
10078,20250330,3.0,3.06,2025,6
10097,20250308,1.0,132.77,2025,6
10076,20250401,235.0,0.0,2025,6
10057,20250308,1.0,12.33,2025,6
10000,20250305,2.0,22.2,2025,6
10000,20250308,7.0,77.7,2025,6
10051,20250312,1.0,21.68,2025,6
10097,20250318,1.0,132.77,2025,6
10040,20250328,1.0,125.76,2025,6
10049,20250401,1.0,98.43,2025,6
10069,20250322,6.0,46.8,2025,6
10061,20250312,1.0,17.79,2025,6
10078,20250321,2.0,2.04,2025,6
10184,20250312,1.0,19.96,2025,6
10076,20250303,216.0,0.0,2025,6
10144,20250308,1.0,44.52,2025,6
10067,20250310,1.0,118.88,2025,6
10138,20250310,1.0,50.09,2025,6
10164,20250305,1.0,16.35,2025,6
10031,20250329,1.0,16.62,2025,6
10162,20250317,1.0,132.92,2025,6
10150,20250317,1.0,21.48,2025,6
10076,20250312,234.0,0.0,2025,6
10043,20250330,1.0,5.09,2025,6
10031,20250311,1.0,16.62,2025,6
10144,20250312,0.0,0.0,2025,6
10078,20250311,8.0,8.16,2025,6
10003,20250309,1.0,10.79,2025,6
10078,20250324,3.0,3.06,2025,6
10002,20250329,1.0,13.72,2025,6
10103,20250329,1.0,24.94,2025,6
10076,20250310,189.0,0.0,2025,6
10129,20250327,1.0,15.53,2025,6
10003,20250322,1.0,10.79,2025,6
10002,20250321,2.0,27.44,2025,6
10081,20250401,2.0,17.32,2025,6
10109,20250318,1.0,84.76,2025,6
10011,20250401,1.0,30.44,2025,6
10057,20250306,1.0,12.33,2025,6
10069,20250309,1.0,7.8,2025,6
10165,20250304,-1.0,-55.95,2025,6
10076,20250328,143.0,0.0,2025,6
10000,20250306,1.0,11.1,2025,6
10076,20250320,154.0,0.0,2025,6
10078,20250323,5.0,5.1,2025,6
10078,20250328,1.0,1.02,2025,6
10008,20250308,1.0,109.81,2025,6
10073,20250331,2.0,60.76,2025,6
10069,20250317,1.0,7.8,2025,6
10153,20250317,1.0,39.84,2025,6
10172,20250306,1.0,11.73,2025,6
10002,20250312,-1.0,-13.72,2025,6
10061,20250322,1.0,17.79,2025,6
10129,20250318,1.0,15.53,2025,6
10000,20250322,1.0,11.1,2025,6
10085,20250316,1.0,54.34,2025,6
10078,20250306,4.0,4.08,2025,6
10083,20250308,1.0,301.64,2025,6
10078,20250320,3.0,3.06,2025,6
10000,20250331,1.0,11.1,2025,6
10078,20250310,4.0,4.08,2025,6
10057,20250329,1.0,12.33,2025,6
10076,20250325,216.0,0.0,2025,6
10078,20250327,3.0,3.06,2025,6
10038,20250310,1.0,114.02,2025,6
10085,20250314,1.0,54.34,2025,6
10076,20250326,146.0,0.0,2025,6
10002,20250304,1.0,13.72,2025,6
10097,20250315,1.0,132.77,2025,6
10002,20250327,1.0,13.72,2025,6
10076,20250308,204.0,0.0,2025,6
10076,20250331,210.0,0.0,2025,6
10069,20250328,3.0,23.4,2025,6
10056,20250331,1.0,14.75,2025,6
10076,20250318,173.0,0.0,2025,6
10004,20250331,1.0,8.38,2025,6
10069,20250320,1.0,7.8,2025,6
10003,20250317,1.0,10.79,2025,6
10184,20250329,1.0,19.96,2025,6
10078,20250309,5.0,5.1,2025,6
10129,20250401,1.0,15.53,2025,6
10076,20250322,127.0,0.0,2025,6
10027,20250309,1.0,138.16,2025,6
10120,20250316,4.0,78.56,2025,6
10031,20250304,2.0,33.24,2025,6
10080,20250304,1.0,10.66,2025,6
10078,20250314,6.0,6.12,2025,6
10078,20250304,7.0,7.14,2025,6
10078,20250319,6.0,6.12,2025,6
10002,20250309,2.0,27.44,2025,6
10000,20250406,1.0,11.1,2025,7
10003,20250420,2.0,21.58,2025,7
10187,20250419,1.0,41.05,2025,7
10000,20250419,3.0,33.3,2025,7
10165,20250408,1.0,55.95,2025,7
10000,20250409,3.0,33.3,2025,7
10078,20250412,3.0,3.06,2025,7
10061,20250501,1.0,17.79,2025,7
10043,20250412,5.0,25.45,2025,7
10000,20250501,2.0,22.2,2025,7
10061,20250428,1.0,17.79,2025,7
10000,20250428,4.0,44.4,2025,7
10024,20250413,1.0,187.82,2025,7
10078,20250430,4.0,4.08,2025,7
10040,20250425,1.0,125.76,2025,7
10064,20250430,1.0,15.81,2025,7
10000,20250416,1.0,11.1,2025,7
10069,20250420,2.0,15.6,2025,7
10187,20250427,1.0,41.05,2025,7
10078,20250414,7.0,7.14,2025,7
10097,20250416,1.0,132.77,2025,7
10076,20250423,187.0,0.0,2025,7
10011,20250423,1.0,30.44,2025,7
10069,20250410,1.0,7.8,2025,7
10078,20250404,7.0,7.14,2025,7
10131,20250402,2.0,32.76,2025,7
10185,20250407,1.0,10.65,2025,7
10076,20250416,137.0,0.0,2025,7
10078,20250407,3.0,3.06,2025,7
10069,20250412,2.0,15.6,2025,7
10000,20250405,1.0,11.1,2025,7
10137,20250428,1.0,137.02,2025,7
10057,20250423,1.0,12.33,2025,7
10078,20250417,1.0,1.02,2025,7
10059,20250428,1.0,15.22,2025,7
10076,20250406,162.0,0.0,2025,7
10069,20250402,2.0,15.6,2025,7
10003,20250425,1.0,10.79,2025,7
10164,20250406,1.0,16.35,2025,7
10069,20250426,2.0,15.6,2025,7
10164,20250425,1.0,16.35,2025,7
10076,20250409,192.0,0.0,2025,7
10069,20250429,1.0,7.8,2025,7
10081,20250423,1.0,8.66,2025,7
10076,20250428,248.0,0.0,2025,7
10184,20250424,3.0,59.88,2025,7
10069,20250425,1.0,7.8,2025,7
10159,20250429,1.0,120.71,2025,7
10076,20250419,159.0,0.0,2025,7
10078,20250502,7.0,7.14,2025,7
10043,20250502,10.0,50.9,2025,7
10000,20250429,4.0,44.4,2025,7
10076,20250420,158.0,0.0,2025,7
10150,20250502,1.0,21.48,2025,7
10076,20250403,181.0,0.0,2025,7
10069,20250423,3.0,23.4,2025,7
10056,20250403,1.0,14.75,2025,7
10086,20250430,1.0,15.79,2025,7
10078,20250426,6.0,6.12,2025,7
10076,20250411,114.0,0.0,2025,7
10067,20250415,1.0,118.88,2025,7
10076,20250429,129.0,0.0,2025,7
10175,20250428,1.0,53.17,2025,7
10159,20250403,1.0,120.71,2025,7
10129,20250406,1.0,15.53,2025,7
10076,20250424,172.0,0.0,2025,7
10076,20250413,191.0,0.0,2025,7
10076,20250410,170.0,0.0,2025,7
10032,20250417,1.0,18.61,2025,7
10056,20250424,3.0,44.25,2025,7
10076,20250405,193.0,0.0,2025,7
10105,20250427,1.0,29.34,2025,7
10076,20250422,139.0,0.0,2025,7
10126,20250413,3.0,50.34,2025,7
10000,20250418,8.0,88.8,2025,7
10137,20250411,1.0,137.02,2025,7
10076,20250415,206.0,0.0,2025,7
10031,20250407,1.0,16.62,2025,7
10150,20250422,1.0,21.48,2025,7
10076,20250408,176.0,0.0,2025,7
10069,20250428,1.0,7.8,2025,7
10159,20250501,1.0,120.71,2025,7
10037,20250415,1.0,88.14,2025,7
10078,20250402,4.0,4.08,2025,7
10184,20250417,1.0,19.96,2025,7
10187,20250430,1.0,41.05,2025,7
10165,20250402,1.0,55.95,2025,7
10159,20250408,1.0,120.71,2025,7
10185,20250412,1.0,10.65,2025,7
10061,20250404,1.0,17.79,2025,7
10150,20250417,1.0,21.48,2025,7
10076,20250418,178.0,0.0,2025,7
10078,20250425,2.0,2.04,2025,7
10095,20250405,1.0,30.51,2025,7
10000,20250403,6.0,66.6,2025,7
10064,20250425,1.0,15.81,2025,7
10129,20250501,1.0,15.53,2025,7
10069,20250416,2.0,15.6,2025,7
10069,20250406,2.0,15.6,2025,7
10059,20250411,1.0,15.22,2025,7
10076,20250501,173.0,0.0,2025,7
10076,20250427,203.0,0.0,2025,7
10081,20250414,1.0,8.66,2025,7
10129,20250408,1.0,15.53,2025,7
10097,20250412,1.0,132.77,2025,7
10069,20250413,3.0,23.4,2025,7
10069,20250411,2.0,15.6,2025,7
10136,20250427,1.0,113.61,2025,7
10076,20250430,194.0,0.0,2025,7
10126,20250404,2.0,33.56,2025,7
10145,20250422,1.0,13.6,2025,7
10030,20250405,6.0,184.44,2025,7
10136,20250403,1.0,113.61,2025,7
10069,20250415,3.0,23.4,2025,7
10035,20250410,1.0,42.91,2025,7
10003,20250424,1.0,10.79,2025,7
10057,20250407,1.0,12.33,2025,7
10078,20250419,9.0,9.18,2025,7
10076,20250502,207.0,0.0,2025,7
10076,20250414,331.0,0.0,2025,7
10076,20250404,181.0,0.0,2025,7
10041,20250415,1.0,55.52,2025,7
10069,20250424,1.0,7.8,2025,7
10078,20250501,12.0,12.24,2025,7
10080,20250419,1.0,10.66,2025,7
10078,20250423,3.0,3.06,2025,7
10059,20250417,1.0,15.22,2025,7
10092,20250502,1.0,5.87,2025,7
10004,20250404,1.0,8.38,2025,7
10078,20250416,2.0,2.04,2025,7
10076,20250407,187.0,0.0,2025,7
10069,20250427,1.0,7.8,2025,7
10092,20250403,2.0,11.74,2025,7
10159,20250417,1.0,120.71,2025,7
10069,20250418,3.0,23.4,2025,7
10057,20250502,1.0,12.33,2025,7
10138,20250407,1.0,50.09,2025,7
10076,20250417,182.0,0.0,2025,7
10003,20250418,1.0,10.79,2025,7
10078,20250406,4.0,4.08,2025,7
10185,20250410,1.0,10.65,2025,7
10000,20250412,2.0,22.2,2025,7
10008,20250422,1.0,109.81,2025,7
10078,20250409,9.0,9.18,2025,7
10000,20250402,1.0,11.1,2025,7
10109,20250402,1.0,84.76,2025,7
10065,20250414,1.0,15.32,2025,7
10078,20250415,7.0,7.14,2025,7
10064,20250409,1.0,15.81,2025,7
10078,20250405,7.0,7.14,2025,7
10106,20250412,1.0,27.43,2025,7
10078,20250428,4.0,4.08,2025,7
10078,20250422,3.0,3.06,2025,7
10002,20250405,1.0,13.72,2025,7
10069,20250404,2.0,15.6,2025,7
10031,20250403,1.0,16.62,2025,7
10078,20250403,2.0,2.04,2025,7
10113,20250408,1.0,12.38,2025,7
10187,20250416,1.0,41.05,2025,7
10169,20250419,1.0,14.17,2025,7
10064,20250403,2.0,31.62,2025,7
10080,20250413,2.0,21.32,2025,7
10069,20250408,3.0,23.4,2025,7
10002,20250403,2.0,27.44,2025,7
10078,20250413,4.0,4.08,2025,7
10180,20250420,1.0,63.6,2025,7
10032,20250418,1.0,18.61,2025,7
10078,20250429,1.0,1.02,2025,7
10000,20250407,2.0,22.2,2025,7
10069,20250414,12.0,93.6,2025,7
10078,20250424,2.0,2.04,2025,7
10078,20250410,4.0,4.08,2025,7
10135,20250409,1.0,15.37,2025,7
10184,20250415,1.0,19.96,2025,7
10144,20250423,1.0,44.52,2025,7
10043,20250427,2.0,10.18,2025,7
10010,20250426,1.0,122.33,2025,7
10078,20250420,3.0,3.06,2025,7
10078,20250427,25.0,25.5,2025,7
10113,20250422,1.0,12.38,2025,7
10076,20250402,161.0,0.0,2025,7
10078,20250408,6.0,6.12,2025,7
10076,20250426,142.0,0.0,2025,7
10069,20250422,1.0,7.8,2025,7
10078,20250411,1.0,1.02,2025,7
10069,20250407,1.0,7.8,2025,7
10076,20250412,193.0,0.0,2025,7
10159,20250402,2.0,241.42,2025,7
10113,20250417,1.0,12.38,2025,7
10052,20250422,1.0,37.9,2025,7
10076,20250425,161.0,0.0,2025,7
10125,20250426,1.0,27.93,2025,7
10054,20250413,1.0,10.82,2025,7
10150,20250425,1.0,21.48,2025,7
10166,20250414,1.0,20.37,2025,7
10069,20250419,1.0,7.8,2025,7
10131,20250404,2.0,32.76,2025,7
10003,20250409,1.0,10.79,2025,7
10041,20250404,1.0,55.52,2025,7
10185,20250427,1.0,10.65,2025,7
10043,20250404,2.0,10.18,2025,7
10032,20250404,1.0,18.61,2025,7
10054,20250404,1.0,10.82,2025,7
10003,20250419,2.0,21.58,2025,7
10000,20250430,2.0,22.2,2025,7
10076,20250527,214.0,0.0,2025,8
10185,20250520,1.0,10.65,2025,8
10043,20250520,2.0,10.18,2025,8
10076,20250522,241.0,0.0,2025,8
10067,20250511,1.0,118.88,2025,8
10076,20250521,126.0,0.0,2025,8
10000,20250519,1.0,11.1,2025,8
10030,20250526,10.0,307.4,2025,8
10002,20250514,1.0,13.72,2025,8
10081,20250530,2.0,17.32,2025,8
10069,20250508,3.0,23.4,2025,8
10032,20250531,1.0,18.61,2025,8
10067,20250527,1.0,118.88,2025,8
10069,20250518,1.0,7.8,2025,8
10043,20250526,2.0,10.18,2025,8
10043,20250510,6.0,30.54,2025,8
10109,20250517,1.0,84.76,2025,8
10076,20250511,199.0,0.0,2025,8
10095,20250602,1.0,30.51,2025,8
10078,20250525,5.0,5.1,2025,8
10069,20250531,5.0,39.0,2025,8
10129,20250529,1.0,15.53,2025,8
10081,20250506,1.0,8.66,2025,8
10076,20250602,231.0,0.0,2025,8
10000,20250513,1.0,11.1,2025,8
10003,20250508,1.0,10.79,2025,8
10076,20250509,193.0,0.0,2025,8
10078,20250508,1.0,1.02,2025,8
10056,20250601,1.0,14.75,2025,8
10076,20250503,194.0,0.0,2025,8
10057,20250519,1.0,12.33,2025,8
10069,20250529,1.0,7.8,2025,8
10092,20250522,9.0,52.83,2025,8
10069,20250505,1.0,7.8,2025,8
10069,20250523,2.0,15.6,2025,8
10061,20250516,1.0,17.79,2025,8
10000,20250511,2.0,22.2,2025,8
10084,20250601,2.0,79.3,2025,8
10067,20250524,1.0,118.88,2025,8
10185,20250531,2.0,21.3,2025,8
10056,20250513,2.0,29.5,2025,8
10040,20250531,1.0,125.76,2025,8
10078,20250530,2.0,2.04,2025,8
10187,20250517,1.0,41.05,2025,8
10076,20250513,276.0,0.0,2025,8
10069,20250515,1.0,7.8,2025,8
10003,20250510,-1.0,-10.79,2025,8
10008,20250506,1.0,109.81,2025,8
10000,20250512,1.0,11.1,2025,8
10168,20250601,1.0,138.1,2025,8
10076,20250519,181.0,0.0,2025,8
10078,20250518,9.0,9.18,2025,8
10003,20250515,1.0,10.79,2025,8
10076,20250516,122.0,0.0,2025,8
10135,20250518,1.0,15.37,2025,8
10000,20250517,2.0,22.2,2025,8
10069,20250520,6.0,46.8,2025,8
10069,20250510,4.0,31.2,2025,8
10076,20250524,223.0,0.0,2025,8
10076,20250601,180.0,0.0,2025,8
10003,20250516,1.0,10.79,2025,8
10069,20250602,3.0,23.4,2025,8
10097,20250514,1.0,132.77,2025,8
10184,20250517,24.0,479.04,2025,8
10038,20250602,1.0,114.02,2025,8
10159,20250506,1.0,120.71,2025,8
10064,20250517,1.0,15.81,2025,8
10076,20250512,198.0,0.0,2025,8
10080,20250517,1.0,10.66,2025,8
10087,20250517,1.0,41.36,2025,8
10078,20250517,3.0,3.06,2025,8
10069,20250522,2.0,15.6,2025,8
10078,20250507,2.0,2.04,2025,8
10052,20250521,1.0,37.9,2025,8
10064,20250507,1.0,15.81,2025,8
10134,20250523,1.0,17.62,2025,8
10004,20250518,1.0,8.38,2025,8
10003,20250511,1.0,10.79,2025,8
10069,20250521,2.0,15.6,2025,8
10059,20250512,1.0,15.22,2025,8
10182,20250518,2.0,24.18,2025,8
10043,20250515,4.0,20.36,2025,8
10043,20250505,4.0,20.36,2025,8
10054,20250505,2.0,21.64,2025,8
10076,20250506,180.0,0.0,2025,8
10010,20250512,1.0,122.33,2025,8
10076,20250518,191.0,0.0,2025,8
10038,20250511,1.0,114.02,2025,8
10076,20250508,206.0,0.0,2025,8
10145,20250531,1.0,13.6,2025,8
10080,20250523,1.0,10.66,2025,8
10000,20250530,9.0,99.9,2025,8
10150,20250517,3.0,64.44,2025,8
10145,20250513,2.0,27.2,2025,8
10169,20250518,2.0,28.34,2025,8
10187,20250530,1.0,41.05,2025,8
10188,20250531,2.0,0.0,2025,8
10069,20250513,4.0,31.2,2025,8
10030,20250602,1.0,30.74,2025,8
10069,20250503,1.0,7.8,2025,8
10166,20250513,1.0,20.37,2025,8
10153,20250522,1.0,39.84,2025,8
10113,20250513,2.0,24.76,2025,8
10184,20250519,1.0,19.96,2025,8
10078,20250531,1.0,1.02,2025,8
10002,20250507,1.0,13.72,2025,8
10078,20250515,14.0,14.28,2025,8
10159,20250521,1.0,120.71,2025,8
10078,20250510,6.0,6.12,2025,8
10094,20250503,1.0,292.75,2025,8
10078,20250526,2.0,2.04,2025,8
10078,20250528,3.0,3.06,2025,8
10064,20250510,1.0,15.81,2025,8
10076,20250529,193.0,0.0,2025,8
10014,20250526,1.0,17.59,2025,8
10078,20250520,7.0,7.14,2025,8
10002,20250510,1.0,13.72,2025,8
10078,20250505,5.0,5.1,2025,8
10061,20250514,1.0,17.79,2025,8
10000,20250514,3.0,33.3,2025,8
10064,20250505,1.0,15.81,2025,8
10185,20250515,1.0,10.65,2025,8
10067,20250514,1.0,118.88,2025,8
10069,20250512,3.0,23.4,2025,8
10078,20250527,5.0,5.1,2025,8
10028,20250509,1.0,205.95,2025,8
10076,20250504,160.0,0.0,2025,8
10000,20250525,2.0,22.2,2025,8
10078,20250522,5.0,5.1,2025,8
10000,20250510,10.0,111.0,2025,8
10040,20250507,1.0,125.76,2025,8
10102,20250513,1.0,13.6,2025,8
10075,20250529,1.0,135.97,2025,8
10104,20250515,1.0,554.64,2025,8
10000,20250520,1.0,11.1,2025,8
10187,20250526,1.0,41.05,2025,8
10189,20250529,1.0,29.86,2025,8
10043,20250513,2.0,10.18,2025,8
10076,20250514,184.0,0.0,2025,8
10061,20250520,1.0,17.79,2025,8
10131,20250513,4.0,65.52,2025,8
10031,20250511,2.0,33.24,2025,8
10154,20250525,1.0,23.62,2025,8
10159,20250520,1.0,120.71,2025,8
10001,20250519,1.0,38.05,2025,8
10043,20250524,2.0,10.18,2025,8
10150,20250528,1.0,21.48,2025,8
10078,20250602,2.0,2.04,2025,8
10131,20250527,1.0,16.38,2025,8
10078,20250524,5.0,5.1,2025,8
10078,20250601,1.0,1.02,2025,8
10002,20250513,2.0,27.44,2025,8
10078,20250509,2.0,2.04,2025,8
10164,20250517,1.0,16.35,2025,8
10078,20250503,1.0,1.02,2025,8
10064,20250509,1.0,15.81,2025,8
10002,20250601,2.0,27.44,2025,8
10007,20250529,1.0,43.46,2025,8
10184,20250508,1.0,19.96,2025,8
10076,20250530,220.0,0.0,2025,8
10102,20250601,1.0,13.6,2025,8
10129,20250517,1.0,15.53,2025,8
10002,20250509,1.0,13.72,2025,8
10078,20250513,2.0,2.04,2025,8
10041,20250512,1.0,55.52,2025,8
10043,20250517,2.0,10.18,2025,8
10057,20250508,1.0,12.33,2025,8
10007,20250520,1.0,43.46,2025,8
10000,20250508,1.0,11.1,2025,8
10076,20250525,219.0,0.0,2025,8
10041,20250511,1.0,55.52,2025,8
10078,20250519,5.0,5.1,2025,8
10078,20250516,3.0,3.06,2025,8
10067,20250530,1.0,118.88,2025,8
10035,20250505,1.0,42.91,2025,8
10078,20250511,6.0,6.12,2025,8
10131,20250601,1.0,16.38,2025,8
10187,20250518,1.0,41.05,2025,8
10093,20250523,1.0,14.29,2025,8
10067,20250525,1.0,118.88,2025,8
10078,20250521,2.0,2.04,2025,8
10078,20250506,1.0,1.02,2025,8
10097,20250526,1.0,132.77,2025,8
10078,20250512,8.0,8.16,2025,8
10002,20250508,1.0,13.72,2025,8
10076,20250507,79.0,0.0,2025,8
10032,20250530,1.0,18.61,2025,8
10056,20250517,4.0,59.0,2025,8
10069,20250527,1.0,7.8,2025,8
10061,20250515,1.0,17.79,2025,8
10000,20250515,3.0,33.3,2025,8
10109,20250520,1.0,84.76,2025,8
10069,20250504,2.0,15.6,2025,8
10076,20250517,243.0,0.0,2025,8
10014,20250516,1.0,17.59,2025,8
10035,20250511,1.0,42.91,2025,8
10064,20250518,3.0,47.43,2025,8
10184,20250531,-22.0,-439.12,2025,8
10035,20250602,1.0,42.91,2025,8
10153,20250517,1.0,39.84,2025,8
10054,20250529,1.0,10.82,2025,8
10184,20250520,1.0,19.96,2025,8
10080,20250529,1.0,10.66,2025,8
10043,20250527,1.0,5.09,2025,8
10076,20250520,159.0,0.0,2025,8
10109,20250518,1.0,84.76,2025,8
10138,20250526,1.0,50.09,2025,8
10154,20250602,1.0,23.62,2025,8
10153,20250519,1.0,39.84,2025,8
10078,20250504,1.0,1.02,2025,8
10185,20250512,1.0,10.65,2025,8
10069,20250519,1.0,7.8,2025,8
10137,20250523,1.0,137.02,2025,8
10076,20250531,180.0,0.0,2025,8
10078,20250514,16.0,16.32,2025,8
10003,20250519,-1.0,-10.79,2025,8
10159,20250515,1.0,120.71,2025,8
10135,20250514,2.0,30.74,2025,8
10184,20250516,2.0,39.92,2025,8
10076,20250510,233.0,0.0,2025,8
10076,20250526,220.0,0.0,2025,8
10185,20250511,1.0,10.65,2025,8
10076,20250528,250.0,0.0,2025,8
10000,20250522,2.0,22.2,2025,8
10076,20250515,246.0,0.0,2025,8
10076,20250505,167.0,0.0,2025,8
10128,20250505,1.0,74.04,2025,8
10076,20250523,237.0,0.0,2025,8
10069,20250525,3.0,23.4,2025,8
10078,20250529,3.0,3.06,2025,8
10021,20250529,1.0,177.06,2025,8
10187,20250503,2.0,82.1,2025,8
10187,20250527,1.0,41.05,2025,8
10000,20250531,2.0,22.2,2025,8
10078,20250629,3.0,3.06,2025,9
10078,20250608,2.0,2.04,2025,9
10076,20250621,143.0,0.0,2025,9
10102,20250619,2.0,27.2,2025,9
10039,20250604,1.0,44.85,2025,9
10190,20250628,1.0,116.3,2025,9
10059,20250606,1.0,15.22,2025,9
10076,20250616,210.0,0.0,2025,9
10189,20250612,1.0,29.86,2025,9
10032,20250607,1.0,18.61,2025,9
10005,20250616,1.0,19.64,2025,9
10078,20250618,4.0,4.08,2025,9
10076,20250606,183.0,0.0,2025,9
10059,20250625,2.0,30.44,2025,9
10092,20250606,1.0,5.87,2025,9
10095,20250611,1.0,30.51,2025,9
10076,20250611,210.0,0.0,2025,9
10184,20250702,1.0,19.96,2025,9
10069,20250701,1.0,7.8,2025,9
10078,20250613,1.0,1.02,2025,9
10144,20250611,1.0,44.52,2025,9
10125,20250701,1.0,27.93,2025,9
10076,20250625,161.0,0.0,2025,9
10092,20250625,3.0,17.61,2025,9
10164,20250625,1.0,16.35,2025,9
10078,20250603,3.0,3.06,2025,9
10076,20250609,174.0,0.0,2025,9
10061,20250623,1.0,17.79,2025,9
10039,20250620,1.0,44.85,2025,9
10069,20250629,4.0,31.2,2025,9
10080,20250609,1.0,10.66,2025,9
10105,20250616,1.0,29.34,2025,9
10078,20250627,3.0,3.06,2025,9
10076,20250622,215.0,0.0,2025,9
10000,20250614,1.0,11.1,2025,9
10000,20250625,1.0,11.1,2025,9
10078,20250701,3.0,3.06,2025,9
10109,20250608,1.0,84.76,2025,9
10076,20250619,171.0,0.0,2025,9
10142,20250629,2.0,18.8,2025,9
10081,20250604,1.0,8.66,2025,9
10150,20250606,1.0,21.48,2025,9
10142,20250608,2.0,18.8,2025,9
10097,20250616,1.0,132.77,2025,9
10185,20250613,1.0,10.65,2025,9
10142,20250620,1.0,9.4,2025,9
10151,20250616,1.0,68.35,2025,9
10056,20250614,3.0,44.25,2025,9
10076,20250630,258.0,0.0,2025,9
10000,20250702,1.0,11.1,2025,9
10026,20250614,1.0,175.63,2025,9
10076,20250605,155.0,0.0,2025,9
10078,20250609,5.0,5.1,2025,9
10137,20250621,1.0,137.02,2025,9
10124,20250604,1.0,11.43,2025,9
10174,20250603,1.0,2.6,2025,9
10076,20250702,207.0,0.0,2025,9
10054,20250619,1.0,10.82,2025,9
10007,20250629,1.0,43.46,2025,9
10078,20250619,3.0,3.06,2025,9
10076,20250623,246.0,0.0,2025,9
10076,20250615,192.0,0.0,2025,9
10076,20250628,219.0,0.0,2025,9
10076,20250604,195.0,0.0,2025,9
10060,20250611,1.0,84.32,2025,9
10002,20250607,1.0,13.72,2025,9
10061,20250627,1.0,17.79,2025,9
10069,20250616,5.0,39.0,2025,9
10011,20250604,1.0,30.44,2025,9
10069,20250606,3.0,23.4,2025,9
10166,20250614,1.0,20.37,2025,9
10150,20250612,4.0,85.92,2025,9
10150,20250603,1.0,21.48,2025,9
10076,20250614,207.0,0.0,2025,9
10078,20250617,1.0,1.02,2025,9
10076,20250612,260.0,0.0,2025,9
10092,20250612,4.0,23.48,2025,9
10097,20250628,1.0,132.77,2025,9
10069,20250619,1.0,7.8,2025,9
10078,20250610,1.0,1.02,2025,9
10000,20250611,3.0,33.3,2025,9
10040,20250616,1.0,125.76,2025,9
10097,20250613,1.0,132.77,2025,9
10000,20250628,2.0,22.2,2025,9
10098,20250608,1.0,190.62,2025,9
10078,20250620,2.0,2.04,2025,9
10000,20250630,1.0,11.1,2025,9
10069,20250609,2.0,15.6,2025,9
10031,20250607,1.0,16.62,2025,9
10078,20250607,6.0,6.12,2025,9
10038,20250622,2.0,228.04,2025,9
10105,20250611,1.0,29.34,2025,9
10078,20250624,4.0,4.08,2025,9
10124,20250609,1.0,11.43,2025,9
10102,20250624,1.0,13.6,2025,9
10092,20250614,1.0,5.87,2025,9
10092,20250604,3.0,17.61,2025,9
10129,20250625,1.0,15.53,2025,9
10056,20250608,1.0,14.75,2025,9
10081,20250609,1.0,8.66,2025,9
10008,20250627,1.0,109.81,2025,9
10144,20250609,1.0,44.52,2025,9
10078,20250616,3.0,3.06,2025,9
10003,20250605,1.0,10.79,2025,9
10069,20250615,2.0,15.6,2025,9
10145,20250611,2.0,27.2,2025,9
10187,20250616,1.0,41.05,2025,9
10153,20250621,2.0,79.68,2025,9
10137,20250603,1.0,137.02,2025,9
10010,20250603,1.0,122.33,2025,9
10069,20250605,3.0,23.4,2025,9
10000,20250629,1.0,11.1,2025,9
10093,20250607,1.0,14.29,2025,9
10069,20250614,2.0,15.6,2025,9
10005,20250629,1.0,19.64,2025,9
10131,20250611,2.0,32.76,2025,9
10186,20250702,1.0,11.39,2025,9
10021,20250624,1.0,177.06,2025,9
10078,20250606,3.0,3.06,2025,9
10076,20250618,193.0,0.0,2025,9
10031,20250611,2.0,33.24,2025,9
10003,20250628,1.0,10.79,2025,9
10078,20250611,2.0,2.04,2025,9
10039,20250701,2.0,89.7,2025,9
10056,20250618,1.0,14.75,2025,9
10004,20250612,1.0,8.38,2025,9
10076,20250613,327.0,0.0,2025,9
10076,20250603,198.0,0.0,2025,9
10095,20250618,1.0,30.51,2025,9
10076,20250629,187.0,0.0,2025,9
10076,20250608,223.0,0.0,2025,9
10078,20250625,3.0,3.06,2025,9
10069,20250628,2.0,15.6,2025,9
10166,20250608,1.0,20.37,2025,9
10129,20250605,1.0,15.53,2025,9
10076,20250627,180.0,0.0,2025,9
10043,20250616,10.0,50.9,2025,9
10134,20250606,1.0,17.62,2025,9
10153,20250629,1.0,39.84,2025,9
10076,20250701,194.0,0.0,2025,9
10185,20250622,2.0,21.3,2025,9
10105,20250619,1.0,29.34,2025,9
10078,20250622,3.0,3.06,2025,9
10185,20250624,1.0,10.65,2025,9
10182,20250620,1.0,12.09,2025,9
10069,20250612,3.0,23.4,2025,9
10000,20250610,2.0,22.2,2025,9
10184,20250701,3.0,59.88,2025,9
10043,20250604,3.0,15.27,2025,9
10129,20250603,2.0,31.06,2025,9
10191,20250608,1.0,159.56,2025,9
10078,20250614,2.0,2.04,2025,9
10078,20250604,1.0,1.02,2025,9
10007,20250607,1.0,43.46,2025,9
10051,20250618,2.0,43.36,2025,9
10000,20250701,2.0,22.2,2025,9
10094,20250620,1.0,292.75,2025,9
10010,20250701,1.0,122.33,2025,9
10078,20250630,5.0,5.1,2025,9
10032,20250614,1.0,18.61,2025,9
10184,20250616,1.0,19.96,2025,9
10150,20250625,2.0,42.96,2025,9
10009,20250615,1.0,77.43,2025,9
10187,20250614,1.0,41.05,2025,9
10142,20250622,1.0,9.4,2025,9
10069,20250603,1.0,7.8,2025,9
10109,20250614,1.0,84.76,2025,9
10031,20250605,1.0,16.62,2025,9
10002,20250630,2.0,27.44,2025,9
10065,20250617,1.0,15.32,2025,9
10078,20250605,5.0,5.1,2025,9
10056,20250609,2.0,29.5,2025,9
10142,20250606,1.0,9.4,2025,9
10109,20250616,1.0,84.76,2025,9
10052,20250612,1.0,37.9,2025,9
10142,20250617,2.0,18.8,2025,9
10175,20250630,1.0,53.17,2025,9
10078,20250615,2.0,2.04,2025,9
10069,20250618,1.0,7.8,2025,9
10078,20250702,6.0,6.12,2025,9
10150,20250618,1.0,21.48,2025,9
10003,20250620,1.0,10.79,2025,9
10060,20250624,1.0,84.32,2025,9
10078,20250623,4.0,4.08,2025,9
10130,20250611,2.0,182.32,2025,9
10182,20250603,1.0,12.09,2025,9
10169,20250615,1.0,14.17,2025,9
10039,20250606,1.0,44.85,2025,9
10184,20250617,1.0,19.96,2025,9
10057,20250619,1.0,12.33,2025,9
10000,20250619,30.0,333.0,2025,9
10000,20250607,1.0,11.1,2025,9
10185,20250612,1.0,10.65,2025,9
10076,20250610,64.0,0.0,2025,9
10057,20250624,1.0,12.33,2025,9
10054,20250605,1.0,10.82,2025,9
10069,20250630,2.0,15.6,2025,9
10076,20250617,202.0,0.0,2025,9
10177,20250627,10.0,119.7,2025,9
10035,20250701,1.0,42.91,2025,9
10145,20250613,1.0,13.6,2025,9
10184,20250609,1.0,19.96,2025,9
10076,20250607,175.0,0.0,2025,9
10076,20250624,558.0,0.0,2025,9
10069,20250627,2.0,15.6,2025,9
10076,20250620,174.0,0.0,2025,9
10185,20250623,2.0,21.3,2025,9
10043,20250615,2.0,10.18,2025,9
10150,20250624,1.0,21.48,2025,9
10052,20250605,1.0,37.9,2025,9
10054,20250628,1.0,10.82,2025,9
10078,20250628,2.0,2.04,2025,9
10108,20250621,1.0,24.32,2025,9
10095,20250629,2.0,61.02,2025,9
10113,20250628,1.0,12.38,2025,9
10016,20250616,1.0,29.63,2025,9
10105,20250629,1.0,29.34,2025,9
10021,20250612,1.0,177.06,2025,9
10078,20250612,4.0,4.08,2025,9
10135,20250613,1.0,15.37,2025,9
10078,20250710,4.0,4.08,2025,10
10007,20250716,0.0,0.0,2025,10
10003,20250801,1.0,10.79,2025,10
10064,20250719,1.0,15.81,2025,10
10191,20250704,1.0,159.56,2025,10
10078,20250719,2.0,2.04,2025,10
10076,20250725,209.0,0.0,2025,10
10069,20250730,2.0,15.6,2025,10
10076,20250724,137.0,0.0,2025,10
10076,20250722,213.0,0.0,2025,10
10129,20250724,1.0,15.53,2025,10
10150,20250711,1.0,21.48,2025,10
10154,20250716,1.0,23.62,2025,10
10001,20250704,1.0,38.05,2025,10
10189,20250723,1.0,29.86,2025,10
10031,20250712,1.0,16.62,2025,10
10150,20250716,2.0,42.96,2025,10
10061,20250723,1.0,17.79,2025,10
10093,20250707,1.0,14.29,2025,10
10187,20250712,1.0,41.05,2025,10
10035,20250708,1.0,42.91,2025,10
10104,20250713,1.0,554.64,2025,10
10043,20250731,2.0,10.18,2025,10
10078,20250728,2.0,2.04,2025,10
10081,20250716,1.0,8.66,2025,10
10078,20250731,1.0,1.02,2025,10
10076,20250709,167.0,0.0,2025,10
10184,20250727,1.0,19.96,2025,10
10000,20250722,8.0,88.8,2025,10
10078,20250801,1.0,1.02,2025,10
10124,20250730,1.0,11.43,2025,10
10097,20250712,1.0,132.77,2025,10
10075,20250716,1.0,135.97,2025,10
10076,20250723,161.0,0.0,2025,10
10076,20250729,233.0,0.0,2025,10
10040,20250717,1.0,125.76,2025,10
10191,20250718,1.0,159.56,2025,10
10038,20250730,1.0,114.02,2025,10
10150,20250714,1.0,21.48,2025,10
10052,20250704,1.0,37.9,2025,10
10000,20250729,1.0,11.1,2025,10
10043,20250712,2.0,10.18,2025,10
10169,20250710,1.0,14.17,2025,10
10157,20250726,1.0,15.96,2025,10
10069,20250802,1.0,7.8,2025,10
10076,20250726,224.0,0.0,2025,10
10005,20250729,1.0,19.64,2025,10
10081,20250712,1.0,8.66,2025,10
10194,20250706,1.0,7.75,2025,10
10073,20250725,2.0,60.76,2025,10
10187,20250711,1.0,41.05,2025,10
10069,20250718,5.0,39.0,2025,10
10078,20250727,2.0,2.04,2025,10
10076,20250720,286.0,0.0,2025,10
10043,20250704,4.0,20.36,2025,10
10000,20250708,1.0,11.1,2025,10
10069,20250706,1.0,7.8,2025,10
10061,20250714,1.0,17.79,2025,10
10078,20250704,7.0,7.14,2025,10
10078,20250717,4.0,4.08,2025,10
10069,20250713,3.0,23.4,2025,10
10010,20250716,1.0,122.33,2025,10
10076,20250802,199.0,0.0,2025,10
10043,20250718,6.0,30.54,2025,10
10058,20250728,4.0,68.48,2025,10
10002,20250714,1.0,13.72,2025,10
10039,20250712,1.0,44.85,2025,10
10069,20250725,4.0,31.2,2025,10
10008,20250729,1.0,109.81,2025,10
10078,20250726,3.0,3.06,2025,10
10093,20250722,1.0,14.29,2025,10
10061,20250727,1.0,17.79,2025,10
10191,20250725,1.0,159.56,2025,10
10080,20250726,1.0,10.66,2025,10
10166,20250725,1.0,20.37,2025,10
10078,20250714,1.0,1.02,2025,10
10002,20250801,1.0,13.72,2025,10
10108,20250726,1.0,24.32,2025,10
10004,20250707,1.0,8.38,2025,10
10080,20250712,1.0,10.66,2025,10
10108,20250705,2.0,48.64,2025,10
10187,20250707,1.0,41.05,2025,10
10186,20250720,3.0,34.17,2025,10
10076,20250708,237.0,0.0,2025,10
10078,20250730,2.0,2.04,2025,10
10005,20250715,1.0,19.64,2025,10
10081,20250703,3.0,25.98,2025,10
10059,20250715,1.0,15.22,2025,10
10043,20250705,2.0,10.18,2025,10
10076,20250704,251.0,0.0,2025,10
10007,20250719,5.0,217.3,2025,10
10078,20250705,5.0,5.1,2025,10
10080,20250705,1.0,10.66,2025,10
10078,20250718,2.0,2.04,2025,10
10069,20250726,2.0,15.6,2025,10
10043,20250717,2.0,10.18,2025,10
10154,20250719,1.0,23.62,2025,10
10032,20250717,1.0,18.61,2025,10
10078,20250713,4.0,4.08,2025,10
10081,20250728,1.0,8.66,2025,10
10092,20250711,4.0,23.48,2025,10
10000,20250728,2.0,22.2,2025,10
10061,20250728,1.0,17.79,2025,10
10150,20250707,1.0,21.48,2025,10
10043,20250713,3.0,15.27,2025,10
10076,20250711,160.0,0.0,2025,10
10004,20250802,1.0,8.38,2025,10
10196,20250731,1.0,19.76,2025,10
10187,20250713,1.0,41.05,2025,10
10150,20250722,1.0,21.48,2025,10
10004,20250708,1.0,8.38,2025,10
10081,20250719,1.0,8.66,2025,10
10000,20250710,6.0,66.6,2025,10
10131,20250726,2.0,32.76,2025,10
10056,20250703,4.0,59.0,2025,10
10078,20250709,3.0,3.06,2025,10
10185,20250730,2.0,21.3,2025,10
10011,20250703,1.0,30.44,2025,10
10076,20250716,243.0,0.0,2025,10
10166,20250703,1.0,20.37,2025,10
10039,20250731,1.0,44.85,2025,10
10092,20250708,3.0,17.61,2025,10
10154,20250703,1.0,23.62,2025,10
10076,20250707,186.0,0.0,2025,10
10105,20250707,2.0,58.68,2025,10
10086,20250712,1.0,15.79,2025,10
10101,20250715,1.0,80.99,2025,10
10002,20250718,1.0,13.72,2025,10
10061,20250707,1.0,17.79,2025,10
10078,20250706,3.0,3.06,2025,10
10009,20250713,1.0,77.43,2025,10
10064,20250718,1.0,15.81,2025,10
10076,20250703,251.0,0.0,2025,10
10075,20250730,1.0,135.97,2025,10
10056,20250710,4.0,59.0,2025,10
10144,20250721,1.0,44.52,2025,10
10069,20250708,1.0,7.8,2025,10
10058,20250718,1.0,17.12,2025,10
10144,20250802,1.0,44.52,2025,10
10076,20250728,229.0,0.0,2025,10
10069,20250714,6.0,46.8,2025,10
10002,20250724,1.0,13.72,2025,10
10191,20250727,1.0,159.56,2025,10
10195,20250712,1.0,8.72,2025,10
10168,20250706,1.0,138.1,2025,10
10011,20250713,1.0,30.44,2025,10
10076,20250719,233.0,0.0,2025,10
10076,20250713,199.0,0.0,2025,10
10076,20250710,215.0,0.0,2025,10
10113,20250711,2.0,24.76,2025,10
10069,20250707,4.0,31.2,2025,10
10109,20250705,1.0,84.76,2025,10
10078,20250725,2.0,2.04,2025,10
10078,20250722,2.0,2.04,2025,10
10182,20250714,2.0,24.18,2025,10
10011,20250712,1.0,30.44,2025,10
10008,20250715,1.0,109.81,2025,10
10069,20250729,2.0,15.6,2025,10
10043,20250720,2.0,10.18,2025,10
10142,20250726,2.0,18.8,2025,10
10144,20250706,1.0,44.52,2025,10
10081,20250802,2.0,17.32,2025,10
10128,20250727,1.0,74.04,2025,10
10076,20250801,194.0,0.0,2025,10
10076,20250727,191.0,0.0,2025,10
10000,20250730,1.0,11.1,2025,10
10069,20250712,1.0,7.8,2025,10
10078,20250723,6.0,6.12,2025,10
10069,20250711,4.0,31.2,2025,10
10078,20250729,3.0,3.06,2025,10
10165,20250707,1.0,55.95,2025,10
10057,20250704,1.0,12.33,2025,10
10069,20250716,1.0,7.8,2025,10
10067,20250801,1.0,118.88,2025,10
10000,20250706,5.0,55.5,2025,10
10129,20250719,1.0,15.53,2025,10
10000,20250704,1.0,11.1,2025,10
10076,20250715,195.0,0.0,2025,10
10032,20250714,1.0,18.61,2025,10
10125,20250728,2.0,55.86,2025,10
10109,20250724,1.0,84.76,2025,10
10097,20250718,1.0,132.77,2025,10
10087,20250720,1.0,41.36,2025,10
10076,20250731,220.0,0.0,2025,10
10007,20250724,1.0,43.46,2025,10
10159,20250710,1.0,120.71,2025,10
10009,20250723,1.0,77.43,2025,10
10000,20250712,2.0,22.2,2025,10
10057,20250712,1.0,12.33,2025,10
10184,20250706,4.0,79.84,2025,10
10069,20250719,3.0,23.4,2025,10
10003,20250710,1.0,10.79,2025,10
10076,20250718,195.0,0.0,2025,10
10076,20250717,173.0,0.0,2025,10
10011,20250706,1.0,30.44,2025,10
10165,20250729,1.0,55.95,2025,10
10131,20250710,1.0,16.38,2025,10
10003,20250724,1.0,10.79,2025,10
10054,20250711,1.0,10.82,2025,10
10078,20250708,6.0,6.12,2025,10
10056,20250726,1.0,14.75,2025,10
10078,20250715,1.0,1.02,2025,10
10000,20250721,1.0,11.1,2025,10
10078,20250802,1.0,1.02,2025,10
10061,20250705,2.0,35.58,2025,10
10078,20250711,4.0,4.08,2025,10
10003,20250712,1.0,10.79,2025,10
10076,20250714,150.0,0.0,2025,10
10069,20250728,1.0,7.8,2025,10
10069,20250727,1.0,7.8,2025,10
10076,20250730,140.0,0.0,2025,10
10102,20250703,1.0,13.6,2025,10
10128,20250726,1.0,74.04,2025,10
10197,20250728,1.0,44.84,2025,10
10159,20250705,1.0,120.71,2025,10
10076,20250705,227.0,0.0,2025,10
10131,20250703,2.0,32.76,2025,10
10061,20250726,1.0,17.79,2025,10
10054,20250703,1.0,10.82,2025,10
10160,20250726,1.0,92.74,2025,10
10039,20250713,-1.0,-44.85,2025,10
10061,20250709,1.0,17.79,2025,10
10008,20250706,1.0,109.81,2025,10
10067,20250712,1.0,118.88,2025,10
10182,20250728,1.0,12.09,2025,10
10081,20250717,1.0,8.66,2025,10
10076,20250706,213.0,0.0,2025,10
10184,20250703,1.0,19.96,2025,10
10196,20250801,1.0,19.76,2025,10
10159,20250712,1.0,120.71,2025,10
10078,20250707,3.0,3.06,2025,10
10184,20250801,1.0,19.96,2025,10
10078,20250724,1.0,1.02,2025,10
10130,20250802,1.0,91.16,2025,10
10001,20250728,1.0,38.05,2025,10
10078,20250703,3.0,3.06,2025,10
10078,20250716,2.0,2.04,2025,10
10076,20250712,170.0,0.0,2025,10
10067,20250721,1.0,118.88,2025,10
10075,20250729,1.0,135.97,2025,10
10080,20250703,1.0,10.66,2025,10
10080,20250716,1.0,10.66,2025,10
10069,20250731,2.0,15.6,2025,10
10126,20250713,1.0,16.78,2025,10
10192,20250713,1.0,58.59,2025,10
10069,20250723,4.0,31.2,2025,10
10041,20250731,1.0,55.52,2025,10
10056,20250721,1.0,14.75,2025,10
10095,20250730,1.0,30.51,2025,10
10092,20250721,6.0,35.22,2025,10
10174,20250802,2.0,5.2,2025,10
10076,20250721,172.0,0.0,2025,10
10105,20250721,1.0,29.34,2025,10
10056,20250812,3.0,44.25,2025,11
10086,20250816,2.0,31.58,2025,11
10081,20250815,2.0,17.32,2025,11
10076,20250812,219.0,0.0,2025,11
10142,20250807,2.0,18.8,2025,11
10097,20250826,1.0,132.77,2025,11
10080,20250810,2.0,21.32,2025,11
10076,20250806,156.0,0.0,2025,11
10065,20250817,1.0,15.32,2025,11
10078,20250829,4.0,4.08,2025,11
10032,20250827,1.0,18.61,2025,11
10184,20250828,1.0,19.96,2025,11
10041,20250827,1.0,55.52,2025,11
10195,20250825,1.0,8.72,2025,11
10076,20250814,212.0,0.0,2025,11
10150,20250826,1.0,21.48,2025,11
10043,20250829,2.0,10.18,2025,11
10184,20250807,1.0,19.96,2025,11
10065,20250830,1.0,15.32,2025,11
10078,20250816,2.0,2.04,2025,11
10165,20250821,1.0,55.95,2025,11
10150,20250815,3.0,64.44,2025,11
10150,20250820,2.0,42.96,2025,11
10000,20250811,2.0,22.2,2025,11
10057,20250806,2.0,24.66,2025,11
10184,20250809,24.0,479.04,2025,11
10172,20250809,2.0,23.46,2025,11
10069,20250810,3.0,23.4,2025,11
10002,20250828,2.0,27.44,2025,11
10144,20250820,1.0,44.52,2025,11
10076,20250803,156.0,0.0,2025,11
10065,20250812,1.0,15.32,2025,11
10153,20250810,1.0,39.84,2025,11
10145,20250825,1.0,13.6,2025,11
10069,20250818,1.0,7.8,2025,11
10078,20250828,3.0,3.06,2025,11
10076,20250811,190.0,0.0,2025,11
10076,20250817,178.0,0.0,2025,11
10011,20250817,1.0,30.44,2025,11
10003,20250827,1.0,10.79,2025,11
10078,20250824,5.0,5.1,2025,11
10000,20250815,2.0,22.2,2025,11
10057,20250815,1.0,12.33,2025,11
10078,20250813,3.0,3.06,2025,11
10189,20250809,1.0,29.86,2025,11
10078,20250805,4.0,4.08,2025,11
10150,20250807,1.0,21.48,2025,11
10078,20250807,9.0,9.18,2025,11
10197,20250821,1.0,44.84,2025,11
10076,20250819,201.0,0.0,2025,11
10181,20250806,1.0,40.51,2025,11
10064,20250807,3.0,47.43,2025,11
10187,20250818,2.0,82.1,2025,11
10076,20250830,217.0,0.0,2025,11
10078,20250821,3.0,3.06,2025,11
10093,20250803,2.0,28.58,2025,11
10153,20250824,1.0,39.84,2025,11
10069,20250811,1.0,7.8,2025,11
10069,20250817,3.0,23.4,2025,11
10081,20250821,1.0,8.66,2025,11
10041,20250830,1.0,55.52,2025,11
10081,20250825,1.0,8.66,2025,11
10076,20250809,154.0,0.0,2025,11
10197,20250819,1.0,44.84,2025,11
10000,20250809,1.0,11.1,2025,11
10000,20250826,1.0,11.1,2025,11
10078,20250823,3.0,3.06,2025,11
10084,20250901,1.0,39.65,2025,11
10065,20250813,1.0,15.32,2025,11
10165,20250804,1.0,55.95,2025,11
10007,20250821,1.0,43.46,2025,11
10069,20250804,1.0,7.8,2025,11
10154,20250803,1.0,23.62,2025,11
10069,20250816,5.0,39.0,2025,11
10054,20250819,1.0,10.82,2025,11
10150,20250901,1.0,21.48,2025,11
10105,20250828,1.0,29.34,2025,11
10041,20250811,1.0,55.52,2025,11
10011,20250831,1.0,30.44,2025,11
10000,20250828,10.0,111.0,2025,11
10078,20250822,3.0,3.06,2025,11
10069,20250812,1.0,7.8,2025,11
10184,20250808,2.0,39.92,2025,11
10078,20250830,8.0,8.16,2025,11
10069,20250805,2.0,15.6,2025,11
10078,20250827,5.0,5.1,2025,11
10002,20250810,1.0,13.72,2025,11
10076,20250820,209.0,0.0,2025,11
10056,20250808,2.0,29.5,2025,11
10043,20250812,20.0,101.8,2025,11
10076,20250808,182.0,0.0,2025,11
10135,20250812,1.0,15.37,2025,11
10078,20250810,3.0,3.06,2025,11
10032,20250811,1.0,18.61,2025,11
10069,20250819,1.0,7.8,2025,11
10056,20250901,1.0,14.75,2025,11
10003,20250817,1.0,10.79,2025,11
10126,20250831,2.0,33.56,2025,11
10076,20250901,192.0,0.0,2025,11
10078,20250818,7.0,7.14,2025,11
10002,20250816,2.0,27.44,2025,11
10064,20250804,1.0,15.81,2025,11
10186,20250830,2.0,22.78,2025,11
10187,20250829,1.0,41.05,2025,11
10031,20250818,1.0,16.62,2025,11
10003,20250819,1.0,10.79,2025,11
10184,20250821,3.0,59.88,2025,11
10154,20250808,1.0,23.62,2025,11
10076,20250831,164.0,0.0,2025,11
10002,20250827,1.0,13.72,2025,11
10076,20250825,238.0,0.0,2025,11
10150,20250809,4.0,85.92,2025,11
10043,20250804,2.0,10.18,2025,11
10096,20250812,2.0,109.58,2025,11
10000,20250814,5.0,55.5,2025,11
10061,20250814,1.0,17.79,2025,11
10078,20250804,3.0,3.06,2025,11
10056,20250820,1.0,14.75,2025,11
10076,20250821,175.0,0.0,2025,11
10078,20250812,7.0,7.14,2025,11
10177,20250827,6.0,71.82,2025,11
10075,20250819,1.0,135.97,2025,11
10174,20250810,2.0,5.2,2025,11
10043,20250803,10.0,50.9,2025,11
10097,20250805,1.0,132.77,2025,11
10065,20250901,3.0,45.96,2025,11
10043,20250806,1.0,5.09,2025,11
10005,20250821,1.0,19.64,2025,11
10185,20250811,2.0,21.3,2025,11
10109,20250822,1.0,84.76,2025,11
10192,20250803,1.0,58.59,2025,11
10077,20250818,1.0,38.33,2025,11
10078,20250814,3.0,3.06,2025,11
10078,20250806,5.0,5.1,2025,11
10189,20250806,1.0,29.86,2025,11
10000,20250827,1.0,11.1,2025,11
10142,20250817,2.0,18.8,2025,11
10184,20250830,1.0,19.96,2025,11
10136,20250803,1.0,113.61,2025,11
10069,20250826,1.0,7.8,2025,11
10069,20250815,4.0,31.2,2025,11
10076,20250829,288.0,0.0,2025,11
10102,20250826,1.0,13.6,2025,11
10102,20250820,3.0,40.8,2025,11
10182,20250831,1.0,12.09,2025,11
10186,20250815,1.0,11.39,2025,11
10000,20250813,2.0,22.2,2025,11
10076,20250816,184.0,0.0,2025,11
10138,20250827,1.0,50.09,2025,11
10052,20250806,2.0,75.8,2025,11
10069,20250823,3.0,23.4,2025,11
10184,20250824,1.0,19.96,2025,11
10007,20250818,2.0,86.92,2025,11
10003,20250806,1.0,10.79,2025,11
10056,20250805,1.0,14.75,2025,11
10060,20250829,1.0,84.32,2025,11
10078,20250817,3.0,3.06,2025,11
10011,20250824,1.0,30.44,2025,11
10076,20250824,195.0,0.0,2025,11
10002,20250819,1.0,13.72,2025,11
10056,20250828,1.0,14.75,2025,11
10076,20250805,199.0,0.0,2025,11
10184,20250810,1.0,19.96,2025,11
10003,20250901,1.0,10.79,2025,11
10078,20250811,4.0,4.08,2025,11
10069,20250901,1.0,7.8,2025,11
10186,20250803,1.0,11.39,2025,11
10145,20250820,1.0,13.6,2025,11
10078,20250819,3.0,3.06,2025,11
10076,20250813,183.0,0.0,2025,11
10069,20250831,2.0,15.6,2025,11
10076,20250828,193.0,0.0,2025,11
10078,20250803,4.0,4.08,2025,11
10040,20250804,1.0,125.76,2025,11
10078,20250815,2.0,2.04,2025,11
10069,20250808,1.0,7.8,2025,11
10076,20250807,180.0,0.0,2025,11
10109,20250818,1.0,84.76,2025,11
10076,20250815,191.0,0.0,2025,11
10061,20250819,2.0,35.58,2025,11
10126,20250807,1.0,16.78,2025,11
10081,20250804,1.0,8.66,2025,11
10054,20250809,1.0,10.82,2025,11
10076,20250822,158.0,0.0,2025,11
10057,20250830,1.0,12.33,2025,11
10080,20250817,1.0,10.66,2025,11
10097,20250804,1.0,132.77,2025,11
10077,20250819,1.0,38.33,2025,11
10142,20250812,2.0,18.8,2025,11
10144,20250827,1.0,44.52,2025,11
10041,20250828,2.0,111.04,2025,11
10197,20250809,1.0,44.84,2025,11
10027,20250901,1.0,138.16,2025,11
10002,20250831,1.0,13.72,2025,11
10102,20250901,1.0,13.6,2025,11
10105,20250830,1.0,29.34,2025,11
10078,20250809,3.0,3.06,2025,11
10165,20250820,1.0,55.95,2025,11
10145,20250823,1.0,13.6,2025,11
10000,20250823,1.0,11.1,2025,11
10076,20250826,163.0,0.0,2025,11
10150,20250827,2.0,42.96,2025,11
10010,20250818,1.0,122.33,2025,11
10001,20250826,1.0,38.05,2025,11
10154,20250827,2.0,47.24,2025,11
10174,20250818,1.0,2.6,2025,11
10067,20250810,1.0,118.88,2025,11
10192,20250807,1.0,58.59,2025,11
10078,20250901,5.0,5.1,2025,11
10076,20250823,194.0,0.0,2025,11
10076,20250827,155.0,0.0,2025,11
10021,20250806,1.0,177.06,2025,11
10074,20250805,1.0,35.4,2025,11
10097,20250816,1.0,132.77,2025,11
10010,20250804,1.0,122.33,2025,11
10145,20250815,1.0,13.6,2025,11
10166,20250826,4.0,81.48,2025,11
10002,20250901,1.0,13.72,2025,11
10144,20250805,1.0,44.52,2025,11
10069,20250807,1.0,7.8,2025,11
10011,20250818,1.0,30.44,2025,11
10076,20250810,176.0,0.0,2025,11
10052,20250809,1.0,37.9,2025,11
10076,20250818,174.0,0.0,2025,11
10076,20250804,154.0,0.0,2025,11
10185,20250825,2.0,21.3,2025,11
10078,20250808,3.0,3.06,2025,11
10137,20250813,1.0,137.02,2025,11
10078,20250831,4.0,4.08,2025,11
10078,20250825,1.0,1.02,2025,11
10078,20250820,4.0,4.08,2025,11
10010,20251002,1.0,122.33,2025,12
10159,20250902,1.0,120.71,2025,12
10076,20250910,161.0,0.0,2025,12
10027,20250911,1.0,138.16,2025,12
10002,20250929,1.0,13.72,2025,12
10181,20250928,1.0,40.51,2025,12
10011,20250905,1.0,30.44,2025,12
10154,20250907,1.0,23.62,2025,12
10008,20251001,1.0,109.81,2025,12
10096,20250908,1.0,54.79,2025,12
10076,20250905,162.0,0.0,2025,12
10078,20250911,8.0,8.16,2025,12
10153,20250920,1.0,39.84,2025,12
10076,20250928,214.0,0.0,2025,12
10154,20250919,1.0,23.62,2025,12
10078,20250929,5.0,5.1,2025,12
10076,20250902,176.0,0.0,2025,12
10075,20250909,1.0,135.97,2025,12
10069,20250906,2.0,15.6,2025,12
10078,20250924,4.0,4.08,2025,12
10002,20250915,1.0,13.72,2025,12
10007,20250921,1.0,43.46,2025,12
10160,20250916,1.0,92.74,2025,12
10064,20250915,1.0,15.81,2025,12
10078,20250920,2.0,2.04,2025,12
10049,20251001,1.0,98.43,2025,12
10003,20250919,1.0,10.79,2025,12
10078,20250915,8.0,8.16,2025,12
10004,20251001,1.0,8.38,2025,12
10065,20250914,1.0,15.32,2025,12
10002,20250927,1.0,13.72,2025,12
10036,20250926,1.0,11.08,2025,12
10184,20250904,1.0,19.96,2025,12
10125,20250926,0.0,0.0,2025,12
10106,20250907,1.0,27.43,2025,12
10078,20250912,6.0,6.12,2025,12
10008,20250914,1.0,109.81,2025,12
10138,20250905,1.0,50.09,2025,12
10078,20250927,7.0,7.14,2025,12
10001,20250903,1.0,38.05,2025,12
10078,20250918,6.0,6.12,2025,12
10184,20250930,1.0,19.96,2025,12
10007,20250925,9.0,391.14,2025,12
10197,20250908,1.0,44.84,2025,12
10098,20250920,1.0,190.62,2025,12
10061,20250923,2.0,35.58,2025,12
10069,20250919,1.0,7.8,2025,12
10007,20250922,1.0,43.46,2025,12
10076,20250926,231.0,0.0,2025,12
10077,20250930,1.0,38.33,2025,12
10069,20251001,3.0,23.4,2025,12
10142,20250930,5.0,47.0,2025,12
10077,20250923,1.0,38.33,2025,12
10080,20250908,1.0,10.66,2025,12
10092,20250914,3.0,17.61,2025,12
10076,20250914,150.0,0.0,2025,12
10080,20250915,1.0,10.66,2025,12
10074,20250925,1.0,35.4,2025,12
10000,20250905,1.0,11.1,2025,12
10076,20251002,262.0,0.0,2025,12
10076,20250930,208.0,0.0,2025,12
10007,20250916,1.0,43.46,2025,12
10076,20250923,184.0,0.0,2025,12
10097,20250902,1.0,132.77,2025,12
10056,20250923,6.0,88.5,2025,12
10160,20250922,1.0,92.74,2025,12
10076,20250921,250.0,0.0,2025,12
10000,20250919,1.0,11.1,2025,12
10076,20250913,170.0,0.0,2025,12
10076,20250904,217.0,0.0,2025,12
10060,20250924,1.0,84.32,2025,12
10185,20250929,1.0,10.65,2025,12
10005,20250904,1.0,19.64,2025,12
10076,20250907,153.0,0.0,2025,12
10078,20250908,5.0,5.1,2025,12
10076,20250916,210.0,0.0,2025,12
10069,20250920,4.0,31.2,2025,12
10005,20250913,1.0,19.64,2025,12
10086,20250909,1.0,15.79,2025,12
10095,20250916,2.0,61.02,2025,12
10054,20251001,1.0,10.82,2025,12
10000,20250913,1.0,11.1,2025,12
10184,20250924,2.0,39.92,2025,12
10069,20250923,3.0,23.4,2025,12
10187,20250907,1.0,41.05,2025,12
10076,20250925,210.0,0.0,2025,12
10196,20250912,1.0,19.76,2025,12
10078,20250914,3.0,3.06,2025,12
10191,20250919,2.0,319.12,2025,12
10138,20250904,1.0,50.09,2025,12
10076,20250919,240.0,0.0,2025,12
10069,20250928,1.0,7.8,2025,12
10002,20250912,1.0,13.72,2025,12
10043,20250908,2.0,10.18,2025,12
10009,20250909,1.0,77.43,2025,12
10076,20250922,170.0,0.0,2025,12
10191,20250906,1.0,159.56,2025,12
10177,20250910,1.0,11.97,2025,12
10145,20250902,1.0,13.6,2025,12
10027,20250917,1.0,138.16,2025,12
10109,20250924,2.0,169.52,2025,12
10078,20250909,2.0,2.04,2025,12
10196,20250916,1.0,19.76,2025,12
10031,20250917,2.0,33.24,2025,12
10195,20250921,1.0,8.72,2025,12
10052,20250914,1.0,37.9,2025,12
10067,20250919,1.0,118.88,2025,12
10078,20250903,1.0,1.02,2025,12
10105,20250907,1.0,29.34,2025,12
10078,20251001,3.0,3.06,2025,12
10009,20250906,1.0,77.43,2025,12
10102,20250914,1.0,13.6,2025,12
10094,20250923,2.0,585.5,2025,12
10035,20250930,1.0,42.91,2025,12
10078,20250906,6.0,6.12,2025,12
10108,20250906,1.0,24.32,2025,12
10083,20250921,1.0,301.64,2025,12
10043,20251002,3.0,15.27,2025,12
10097,20250907,1.0,132.77,2025,12
10005,20250925,1.0,19.64,2025,12
10069,20250907,2.0,15.6,2025,12
10113,20250916,1.0,12.38,2025,12
10193,20250921,1.0,78.14,2025,12
10191,20250918,1.0,159.56,2025,12
10076,20250911,165.0,0.0,2025,12
10150,20250908,1.0,21.48,2025,12
10190,20250906,1.0,116.3,2025,12
10078,20250902,2.0,2.04,2025,12
10069,20250925,1.0,7.8,2025,12
10002,20250928,1.0,13.72,2025,12
10000,20250911,7.0,77.7,2025,12
10144,20250920,1.0,44.52,2025,12
10076,20250920,150.0,0.0,2025,12
10076,20250929,240.0,0.0,2025,12
10081,20250903,1.0,8.66,2025,12
10076,20250924,196.0,0.0,2025,12
10069,20250913,1.0,7.8,2025,12
10076,20250915,197.0,0.0,2025,12
10076,20250927,186.0,0.0,2025,12
10078,20250928,5.0,5.1,2025,12
10081,20250906,2.0,17.32,2025,12
10137,20250929,1.0,137.02,2025,12
10076,20250912,215.0,0.0,2025,12
10069,20250904,2.0,15.6,2025,12
10160,20250924,1.0,92.74,2025,12
10078,20250926,11.0,11.22,2025,12
10004,20250911,2.0,16.76,2025,12
10187,20251001,1.0,41.05,2025,12
10081,20250927,1.0,8.66,2025,12
10097,20250919,1.0,132.77,2025,12
10000,20250924,19.0,210.9,2025,12
10076,20250918,188.0,0.0,2025,12
10054,20250921,1.0,10.82,2025,12
10078,20250905,1.0,1.02,2025,12
10031,20250902,2.0,33.24,2025,12
10002,20250914,1.0,13.72,2025,12
10078,20250930,25.0,25.5,2025,12
10184,20250903,1.0,19.96,2025,12
10120,20250906,1.0,19.64,2025,12
10004,20250929,1.0,8.38,2025,12
10160,20250911,1.0,92.74,2025,12
10078,20251002,6.0,6.12,2025,12
10150,20250915,2.0,42.96,2025,12
10043,20250930,4.0,20.36,2025,12
10081,20250919,1.0,8.66,2025,12
10043,20250923,4.0,20.36,2025,12
10129,20250922,1.0,15.53,2025,12
10150,20250912,1.0,21.48,2025,12
10056,20250912,4.0,59.0,2025,12
10058,20250906,1.0,17.12,2025,12
10154,20250911,1.0,23.62,2025,12
10078,20250923,4.0,4.08,2025,12
10076,20250917,206.0,0.0,2025,12
10185,20250917,1.0,10.65,2025,12
10059,20250914,1.0,15.22,2025,12
10092,20250918,4.0,23.48,2025,12
10010,20250914,1.0,122.33,2025,12
10030,20250922,4.0,122.96,2025,12
10043,20250918,3.0,15.27,2025,12
10185,20250910,1.0,10.65,2025,12
10078,20250921,4.0,4.08,2025,12
10187,20250917,1.0,41.05,2025,12
10095,20250918,1.0,30.51,2025,12
10078,20250904,6.0,6.12,2025,12
10031,20250921,2.0,33.24,2025,12
10076,20250909,196.0,0.0,2025,12
10093,20250902,1.0,14.29,2025,12
10081,20250926,2.0,17.32,2025,12
10113,20250924,1.0,12.38,2025,12
10005,20250917,1.0,19.64,2025,12
10069,20250924,1.0,7.8,2025,12
10052,20250922,1.0,37.9,2025,12
10014,20250915,1.0,17.59,2025,12
10103,20250925,1.0,24.94,2025,12
10145,20250912,1.0,13.6,2025,12
10077,20250908,1.0,38.33,2025,12
10078,20250919,9.0,9.18,2025,12
10078,20250907,52.0,53.04,2025,12
10031,20250919,2.0,33.24,2025,12
10154,20250927,1.0,23.62,2025,12
10008,20250930,1.0,109.81,2025,12
10187,20250919,2.0,82.1,2025,12
10076,20250903,216.0,0.0,2025,12
10076,20250908,216.0,0.0,2025,12
10185,20250908,2.0,21.3,2025,12
10003,20250915,1.0,10.79,2025,12
10130,20250910,1.0,91.16,2025,12
10125,20250918,1.0,27.93,2025,12
10078,20250922,8.0,8.16,2025,12
10056,20250917,2.0,29.5,2025,12
10002,20250904,2.0,27.44,2025,12
10078,20250913,4.0,4.08,2025,12
10000,20251002,1.0,11.1,2025,12
10078,20250910,6.0,6.12,2025,12
10078,20250916,5.0,5.1,2025,12
10002,20250919,1.0,13.72,2025,12
10056,20251001,2.0,29.5,2025,12
10080,20250907,2.0,21.32,2025,12
10080,20250916,1.0,10.66,2025,12
10054,20250916,1.0,10.82,2025,12
10058,20250926,1.0,17.12,2025,12
10184,20250908,1.0,19.96,2025,12
10011,20251001,1.0,30.44,2025,12
10142,20251002,2.0,18.8,2025,12
10076,20251001,186.0,0.0,2025,12
10150,20250906,1.0,21.48,2025,12
10004,20250915,1.0,8.38,2025,12
10187,20250908,1.0,41.05,2025,12
10191,20250907,1.0,159.56,2025,12
10109,20250905,1.0,84.76,2025,12
10078,20250925,7.0,7.14,2025,12
10102,20250904,1.0,13.6,2025,12
10073,20250920,1.0,30.38,2025,12
10069,20250918,1.0,7.8,2025,12
10039,20251002,1.0,44.85,2025,12
10184,20250910,2.0,39.92,2025,12
10069,20250911,2.0,15.6,2025,12
10142,20250908,4.0,37.6,2025,12
10076,20250906,216.0,0.0,2025,12
10178,20251027,12.0,48.6,2026,1
10054,20251025,1.0,10.82,2026,1
10069,20251004,1.0,7.8,2026,1
10159,20251017,1.0,120.71,2026,1
10076,20251011,215.0,0.0,2026,1
10002,20251013,1.0,13.72,2026,1
10186,20251013,2.0,22.78,2026,1
10166,20251016,3.0,61.11,2026,1
10000,20251020,1.0,11.1,2026,1
10182,20251013,1.0,12.09,2026,1
10069,20251031,2.0,15.6,2026,1
10059,20251006,3.0,45.66,2026,1
10078,20251022,1.0,1.02,2026,1
10129,20251005,1.0,15.53,2026,1
10196,20251028,1.0,19.76,2026,1
10005,20251020,1.0,19.64,2026,1
10076,20251016,255.0,0.0,2026,1
10076,20251005,194.0,0.0,2026,1
10069,20251101,1.0,7.8,2026,1
10076,20251007,254.5,0.0,2026,1
10078,20251019,3.0,3.06,2026,1
10084,20251011,1.0,39.65,2026,1
10000,20251010,1.0,11.1,2026,1
10196,20251029,1.0,19.76,2026,1
10059,20251016,1.0,15.22,2026,1
10076,20251017,207.0,0.0,2026,1
10076,20251006,230.0,0.0,2026,1
10043,20251030,2.0,10.18,2026,1
10011,20251006,1.0,30.44,2026,1
10076,20251021,198.0,0.0,2026,1
10159,20251020,2.0,241.42,2026,1
10078,20251024,14.0,14.28,2026,1
10069,20251026,2.0,15.6,2026,1
10002,20251014,3.0,41.16,2026,1
10187,20251028,1.0,41.05,2026,1
10197,20251026,1.0,44.84,2026,1
10138,20251016,1.0,50.09,2026,1
10069,20251014,7.0,54.6,2026,1
10005,20251021,1.0,19.64,2026,1
10095,20251010,2.0,61.02,2026,1
10076,20251020,253.0,0.0,2026,1
10076,20251010,207.0,0.0,2026,1
10078,20251028,5.0,5.1,2026,1
10021,20251028,1.0,177.06,2026,1
10135,20251025,2.0,30.74,2026,1
10043,20251025,11.0,55.99,2026,1
10185,20251029,1.0,10.65,2026,1
10154,20251010,1.0,23.62,2026,1
10076,20251023,204.0,0.0,2026,1
10043,20251008,2.0,10.18,2026,1
10069,20251019,5.0,39.0,2026,1
10078,20251025,3.0,3.06,2026,1
10057,20251021,2.0,24.66,2026,1
10036,20251010,1.0,11.08,2026,1
10176,20251102,1.0,56.49,2026,1
10113,20251012,1.0,12.38,2026,1
10038,20251019,1.0,114.02,2026,1
10054,20251026,1.0,10.82,2026,1
10069,20251027,5.0,39.0,2026,1
10077,20251011,1.0,38.33,2026,1
10078,20251026,3.0,3.06,2026,1
10097,20251102,1.0,132.77,2026,1
10166,20251021,1.0,20.37,2026,1
10129,20251006,1.0,15.53,2026,1
10138,20251023,1.0,50.09,2026,1
10043,20251018,4.0,20.36,2026,1
10032,20251030,1.0,18.61,2026,1
10054,20251018,1.0,10.82,2026,1
10097,20251011,1.0,132.77,2026,1
10160,20251010,1.0,92.74,2026,1
10069,20251009,1.0,7.8,2026,1
10096,20251026,1.0,54.79,2026,1
10000,20251012,2.0,22.2,2026,1
10000,20251023,1.0,11.1,2026,1
10010,20251023,1.0,122.33,2026,1
10153,20251005,1.0,39.84,2026,1
10193,20251014,1.0,78.14,2026,1
10185,20251031,1.0,10.65,2026,1
10052,20251026,1.0,37.9,2026,1
10000,20251024,1.0,11.1,2026,1
10081,20251102,1.0,8.66,2026,1
10168,20251007,1.0,138.1,2026,1
10172,20251029,1.0,11.73,2026,1
10076,20251029,267.0,0.0,2026,1
10185,20251008,2.0,21.3,2026,1
10078,20251102,6.0,6.12,2026,1
10076,20251101,259.0,0.0,2026,1
10003,20251014,1.0,10.79,2026,1
10069,20251013,2.0,15.6,2026,1
10150,20251011,1.0,21.48,2026,1
10096,20251102,1.0,54.79,2026,1
10077,20251029,1.0,38.33,2026,1
10007,20251028,1.0,43.46,2026,1
10195,20251022,1.0,8.72,2026,1
10069,20251021,3.0,23.4,2026,1
10078,20251018,6.0,6.12,2026,1
10185,20251003,1.0,10.65,2026,1
10058,20251024,2.0,34.24,2026,1
10041,20251013,1.0,55.52,2026,1
10184,20251102,1.0,19.96,2026,1
10102,20251005,2.0,27.2,2026,1
10182,20251006,1.0,12.09,2026,1
10185,20251018,1.0,10.65,2026,1
10069,20251020,2.0,15.6,2026,1
10008,20251017,1.0,109.81,2026,1
10109,20251019,1.0,84.76,2026,1
10005,20251029,1.0,19.64,2026,1
10158,20251008,2.0,32.72,2026,1
10170,20251025,1.0,11.91,2026,1
10178,20251020,3.0,12.15,2026,1
10170,20251018,5.0,59.55,2026,1
10038,20251016,1.0,114.02,2026,1
10069,20251016,2.0,15.6,2026,1
10078,20251014,4.0,4.08,2026,1
10078,20251004,5.0,5.1,2026,1
10007,20251024,1.0,43.46,2026,1
10078,20251031,8.0,8.16,2026,1
10166,20251031,1.0,20.37,2026,1
10007,20251019,5.0,217.3,2026,1
10003,20251101,2.0,21.58,2026,1
10092,20251011,2.0,11.74,2026,1
10041,20251016,1.0,55.52,2026,1
10078,20251027,4.0,4.08,2026,1
10001,20251006,2.0,76.1,2026,1
10192,20251010,1.0,58.59,2026,1
10043,20251016,3.0,15.27,2026,1
10076,20251012,402.0,0.0,2026,1
10080,20251005,1.0,10.66,2026,1
10078,20251015,4.0,4.08,2026,1
10078,20251005,6.0,6.12,2026,1
10078,20251009,4.0,4.08,2026,1
10078,20251003,4.0,4.08,2026,1
10097,20251029,1.0,132.77,2026,1
10069,20251007,2.0,15.6,2026,1
10080,20251006,1.0,10.66,2026,1
10169,20251008,1.0,14.17,2026,1
10078,20251030,4.0,4.08,2026,1
10065,20251020,3.0,45.96,2026,1
10184,20251013,1.0,19.96,2026,1
10185,20251014,1.0,10.65,2026,1
10076,20251022,192.0,0.0,2026,1
10078,20251016,4.0,4.08,2026,1
10150,20251027,2.0,42.96,2026,1
10192,20251028,1.0,58.59,2026,1
10078,20251011,4.0,4.08,2026,1
10150,20251101,1.0,21.48,2026,1
10076,20251013,218.0,0.0,2026,1
10043,20251017,4.0,20.36,2026,1
10076,20251003,182.0,0.0,2026,1
10069,20251023,1.0,7.8,2026,1
10078,20251017,8.0,8.16,2026,1
10078,20251007,7.0,7.14,2026,1
10150,20251018,1.0,21.48,2026,1
10095,20251024,1.0,30.51,2026,1
10002,20251011,1.0,13.72,2026,1
10078,20251021,5.0,5.1,2026,1
10076,20251024,235.0,0.0,2026,1
10154,20251009,1.0,23.62,2026,1
10035,20251030,1.0,42.91,2026,1
10185,20251021,1.0,10.65,2026,1
10056,20251024,2.0,29.5,2026,1
10061,20251022,1.0,17.79,2026,1
10101,20251101,1.0,80.99,2026,1
10078,20251006,6.0,6.12,2026,1
10150,20251030,1.0,21.48,2026,1
10005,20251019,1.0,19.64,2026,1
10076,20251028,278.0,0.0,2026,1
10064,20251016,1.0,15.81,2026,1
10004,20251028,1.0,8.38,2026,1
10002,20251017,1.0,13.72,2026,1
10061,20251018,2.0,35.58,2026,1
10054,20251011,2.0,21.64,2026,1
10104,20251006,1.0,554.64,2026,1
10080,20251023,1.0,10.66,2026,1
10078,20251023,5.0,5.1,2026,1
10150,20251012,2.0,42.96,2026,1
10185,20251016,1.0,10.65,2026,1
10009,20251010,1.0,77.43,2026,1
10077,20251018,1.0,38.33,2026,1
10196,20251008,1.0,19.76,2026,1
10185,20251006,1.0,10.65,2026,1
10126,20251101,1.0,16.78,2026,1
10126,20251025,2.0,33.56,2026,1
10002,20251020,1.0,13.72,2026,1
10078,20251020,22.0,22.44,2026,1
10000,20251005,1.0,11.1,2026,1
10095,20251028,-1.0,-30.51,2026,1
10097,20251026,1.0,132.77,2026,1
10043,20251020,4.0,20.36,2026,1
10184,20251030,1.0,19.96,2026,1
10054,20251010,1.0,10.82,2026,1
10150,20251014,1.0,21.48,2026,1
10150,20251004,4.0,85.92,2026,1
10187,20251027,1.0,41.05,2026,1
10000,20251018,1.0,11.1,2026,1
10078,20251010,4.0,4.08,2026,1
10000,20251015,21.0,233.1,2026,1
10076,20251025,370.0,0.0,2026,1
10176,20251029,2.0,112.98,2026,1
10054,20251029,1.0,10.82,2026,1
10076,20251027,255.0,0.0,2026,1
10076,20251008,239.0,0.0,2026,1
10078,20251029,5.0,5.1,2026,1
10078,20251012,5.0,5.1,2026,1
10000,20251030,2.0,22.2,2026,1
10067,20251018,1.0,118.88,2026,1
10076,20251026,196.0,0.0,2026,1
10023,20251004,1.0,288.15,2026,1
10150,20251007,1.0,21.48,2026,1
10000,20251025,1.0,11.1,2026,1
10160,20251004,1.0,92.74,2026,1
10076,20251018,156.0,0.0,2026,1
10182,20251021,1.0,12.09,2026,1
10081,20251015,1.0,8.66,2026,1
10093,20251021,1.0,14.29,2026,1
10109,20251017,1.0,84.76,2026,1
10101,20251017,1.0,80.99,2026,1
10076,20251004,193.0,0.0,2026,1
10005,20251008,1.0,19.64,2026,1
10069,20251024,3.0,23.4,2026,1
10076,20251031,211.0,0.0,2026,1
10125,20251030,2.0,55.86,2026,1
10076,20251014,275.0,0.0,2026,1
10005,20251018,1.0,19.64,2026,1
10095,20251027,1.0,30.51,2026,1
10159,20251019,1.0,120.71,2026,1
10011,20251027,1.0,30.44,2026,1
10184,20251031,1.0,19.96,2026,1
10092,20251008,1.0,5.87,2026,1
10187,20251007,2.0,82.1,2026,1
10000,20251006,1.0,11.1,2026,1
10109,20251020,1.0,84.76,2026,1
10000,20251004,2.0,22.2,2026,1
10076,20251009,245.0,0.0,2026,1
10105,20251013,1.0,29.34,2026,1
10159,20251018,1.0,120.71,2026,1
10184,20251101,24.0,479.04,2026,1
10049,20251008,1.0,98.43,2026,1
10056,20251003,3.0,44.25,2026,1
10061,20251031,6.0,106.74,2026,1
10032,20251024,1.0,18.61,2026,1
10000,20251031,1.0,11.1,2026,1
10043,20251024,4.0,20.36,2026,1
10076,20251015,243.0,0.0,2026,1
10076,20251019,228.0,0.0,2026,1
10105,20251018,1.0,29.34,2026,1
10190,20251008,1.0,116.3,2026,1
10124,20251025,1.0,11.43,2026,1
10076,20251030,228.0,0.0,2026,1
10000,20251016,1.0,11.1,2026,1
10007,20251005,1.0,43.46,2026,1
10000,20251013,3.0,33.3,2026,1
10000,20251022,1.0,11.1,2026,1
10005,20251022,1.0,19.64,2026,1
10184,20251006,6.0,119.76,2026,1
10043,20251028,2.0,10.18,2026,1
10054,20251028,2.0,21.64,2026,1
10061,20251005,3.0,53.37,2026,1
10104,20251017,1.0,554.64,2026,1
10150,20251016,1.0,21.48,2026,1
10041,20251029,2.0,111.04,2026,1
10000,20251003,1.0,11.1,2026,1
10094,20251026,1.0,292.75,2026,1
10076,20251102,239.0,0.0,2026,1
10184,20251016,1.0,19.96,2026,1
10058,20251104,1.0,17.12,2026,2
10114,20251118,1.0,24.38,2026,2
10174,20251127,1.0,2.6,2026,2
10002,20251106,1.0,13.72,2026,2
10150,20251104,1.0,21.48,2026,2
10078,20251103,4.0,4.08,2026,2
10074,20251114,1.0,35.4,2026,2
10170,20251126,3.0,35.73,2026,2
10078,20251113,1.0,1.02,2026,2
10104,20251107,1.0,554.64,2026,2
10081,20251110,1.0,8.66,2026,2
10150,20251129,1.0,21.48,2026,2
10170,20251107,3.0,35.73,2026,2
10086,20251106,1.0,15.79,2026,2
10043,20251125,4.0,20.36,2026,2
10178,20251116,4.0,16.2,2026,2
10078,20251116,1.0,1.02,2026,2
10081,20251114,1.0,8.66,2026,2
10176,20251109,1.0,56.49,2026,2
10109,20251104,1.0,84.76,2026,2
10095,20251108,1.0,30.51,2026,2
10078,20251125,2.0,2.04,2026,2
10102,20251128,1.0,13.6,2026,2
10128,20251118,1.0,74.04,2026,2
10076,20251108,276.0,0.0,2026,2
10078,20251109,3.0,3.06,2026,2
10069,20251128,1.0,7.8,2026,2
10031,20251106,1.0,16.62,2026,2
10078,20251106,2.0,2.04,2026,2
10095,20251118,4.0,122.04,2026,2
10076,20251118,365.0,0.0,2026,2
10041,20251118,1.0,55.52,2026,2
10000,20251129,1.0,11.1,2026,2
10043,20251118,12.0,61.08,2026,2
10059,20251117,2.0,30.44,2026,2
10057,20251110,1.0,12.33,2026,2
10005,20251110,1.0,19.64,2026,2
10086,20251125,1.0,15.79,2026,2
10170,20251109,6.0,71.46,2026,2
10081,20251126,1.0,8.66,2026,2
10184,20251117,1.0,19.96,2026,2
10076,20251110,345.0,0.0,2026,2
10078,20251128,1.0,1.02,2026,2
10043,20251112,2.0,10.18,2026,2
10032,20251108,1.0,18.61,2026,2
10057,20251104,1.0,12.33,2026,2
10003,20251115,1.0,10.79,2026,2
10199,20251127,1.0,100.73,2026,2
10069,20251130,2.0,15.6,2026,2
10014,20251130,1.0,17.59,2026,2
10065,20251118,1.0,15.32,2026,2
10069,20251127,2.0,15.6,2026,2
10170,20251113,2.0,23.82,2026,2
10160,20251104,0.0,0.0,2026,2
10077,20251110,1.0,38.33,2026,2
10124,20251130,1.0,11.43,2026,2
10187,20251117,1.0,41.05,2026,2
10059,20251115,1.0,15.22,2026,2
10109,20251112,1.0,84.76,2026,2
10086,20251117,1.0,15.79,2026,2
10069,20251106,1.0,7.8,2026,2
10002,20251114,1.0,13.72,2026,2
10065,20251103,1.0,15.32,2026,2
10078,20251104,4.0,4.08,2026,2
10170,20251111,2.0,23.82,2026,2
10124,20251116,1.0,11.43,2026,2
10109,20251109,1.0,84.76,2026,2
10006,20251126,1.0,395.4,2026,2
10081,20251127,1.0,8.66,2026,2
10078,20251114,3.0,3.06,2026,2
10002,20251104,1.0,13.72,2026,2
10076,20251129,203.0,0.0,2026,2
10192,20251103,1.0,58.59,2026,2
10069,20251118,5.0,39.0,2026,2
10002,20251117,1.0,13.72,2026,2
10069,20251116,1.0,7.8,2026,2
10076,20251122,247.0,0.0,2026,2
10128,20251122,1.0,74.04,2026,2
10078,20251126,1.0,1.02,2026,2
10093,20251109,1.0,14.29,2026,2
10077,20251127,1.0,38.33,2026,2
10170,20251114,1.0,11.91,2026,2
10185,20251123,1.0,10.65,2026,2
10184,20251126,1.0,19.96,2026,2
10078,20251123,4.0,4.08,2026,2
10081,20251119,1.0,8.66,2026,2
10000,20251127,1.0,11.1,2026,2
10002,20251113,1.0,13.72,2026,2
10052,20251125,2.0,75.8,2026,2
10000,20251122,1.0,11.1,2026,2
10000,20251119,1.0,11.1,2026,2
10102,20251113,1.0,13.6,2026,2
10069,20251103,2.0,15.6,2026,2
10007,20251117,1.0,43.46,2026,2
10076,20251127,191.0,0.0,2026,2
10078,20251130,3.0,3.06,2026,2
10007,20251104,2.0,86.92,2026,2
10191,20251127,1.0,159.56,2026,2
10154,20251117,1.0,23.62,2026,2
10078,20251111,2.0,2.04,2026,2
10170,20251106,2.0,23.82,2026,2
10102,20251118,1.0,13.6,2026,2
10076,20251124,179.0,0.0,2026,2
10043,20251106,2.0,10.18,2026,2
10076,20251115,466.0,0.0,2026,2
10080,20251116,1.0,10.66,2026,2
10076,20251105,239.0,0.0,2026,2
10195,20251127,1.0,8.72,2026,2
10002,20251111,1.0,13.72,2026,2
10170,20251116,4.0,47.64,2026,2
10185,20251106,1.0,10.65,2026,2
10197,20251111,1.0,44.84,2026,2
10004,20251123,1.0,8.38,2026,2
10003,20251104,1.0,10.79,2026,2
10076,20251103,305.0,0.0,2026,2
10197,20251115,1.0,44.84,2026,2
10069,20251123,4.0,31.2,2026,2
10103,20251124,1.0,24.94,2026,2
10061,20251125,2.0,35.58,2026,2
10000,20251125,1.0,11.1,2026,2
10052,20251107,1.0,37.9,2026,2
10069,20251114,2.0,15.6,2026,2
10154,20251103,1.0,23.62,2026,2
10007,20251115,2.0,86.92,2026,2
10069,20251104,2.0,15.6,2026,2
10011,20251128,1.0,30.44,2026,2
10197,20251105,1.0,44.84,2026,2
10160,20251109,1.0,92.74,2026,2
10003,20251126,1.0,10.79,2026,2
10076,20251113,383.0,0.0,2026,2
10144,20251116,1.0,44.52,2026,2
10076,20251125,166.0,0.0,2026,2
10086,20251124,1.0,15.79,2026,2
10142,20251105,2.0,18.8,2026,2
10150,20251128,1.0,21.48,2026,2
10164,20251117,1.0,16.35,2026,2
10076,20251109,362.0,0.0,2026,2
10011,20251109,1.0,30.44,2026,2
10069,20251129,1.0,7.8,2026,2
10076,20251116,449.0,0.0,2026,2
10177,20251126,1.0,11.97,2026,2
10003,20251107,1.0,10.79,2026,2
10076,20251106,298.0,0.0,2026,2
10095,20251117,2.0,61.02,2026,2
10076,20251112,448.0,0.0,2026,2
10078,20251118,1.0,1.02,2026,2
10154,20251125,1.0,23.62,2026,2
10078,20251108,2.0,2.04,2026,2
10076,20251119,17.0,0.0,2026,2
10069,20251122,5.0,39.0,2026,2
10176,20251118,2.0,112.98,2026,2
10192,20251113,1.0,58.59,2026,2
10043,20251104,2.0,10.18,2026,2
10007,20251113,1.0,43.46,2026,2
10187,20251118,1.0,41.05,2026,2
10102,20251123,2.0,27.2,2026,2
10106,20251112,1.0,27.43,2026,2
10192,20251107,1.0,58.59,2026,2
10097,20251112,1.0,132.77,2026,2
10154,20251116,1.0,23.62,2026,2
10054,20251129,3.0,32.46,2026,2
10043,20251129,2.0,10.18,2026,2
10181,20251125,1.0,40.51,2026,2
10080,20251129,1.0,10.66,2026,2
10043,20251126,10.0,50.9,2026,2
10008,20251109,1.0,109.81,2026,2
10078,20251129,1.0,1.02,2026,2
10080,20251114,1.0,10.66,2026,2
10078,20251110,7.0,7.14,2026,2
10081,20251115,3.0,25.98,2026,2
10081,20251112,1.0,8.66,2026,2
10129,20251106,1.0,15.53,2026,2
10078,20251117,2.0,2.04,2026,2
10052,20251114,2.0,75.8,2026,2
10078,20251107,3.0,3.06,2026,2
10054,20251117,1.0,10.82,2026,2
10043,20251117,4.0,20.36,2026,2
10069,20251109,1.0,7.8,2026,2
10102,20251124,1.0,13.6,2026,2
10076,20251104,328.0,0.0,2026,2
10061,20251111,1.0,17.79,2026,2
10194,20251117,1.0,7.75,2026,2
10067,20251114,1.0,118.88,2026,2
10039,20251106,1.0,44.85,2026,2
10184,20251103,2.0,39.92,2026,2
10109,20251108,1.0,84.76,2026,2
10043,20251127,3.0,15.27,2026,2
10076,20251128,176.0,0.0,2026,2
10076,20251114,483.0,0.0,2026,2
10076,20251126,204.0,0.0,2026,2
10054,20251115,1.0,10.82,2026,2
10185,20251127,1.0,10.65,2026,2
10002,20251118,1.0,13.72,2026,2
10078,20251115,3.0,3.06,2026,2
10095,20251114,1.0,30.51,2026,2
10076,20251107,297.0,0.0,2026,2
10078,20251122,1.0,1.02,2026,2
10191,20251107,1.0,159.56,2026,2
10093,20251116,1.0,14.29,2026,2
10093,20251106,1.0,14.29,2026,2
10076,20251123,207.0,0.0,2026,2
10032,20251105,1.0,18.61,2026,2
10184,20251110,2.0,39.92,2026,2
10076,20251117,512.0,0.0,2026,2
10131,20251117,1.0,16.38,2026,2
10078,20251105,4.0,4.08,2026,2
10097,20251113,1.0,132.77,2026,2
10170,20251115,3.0,35.73,2026,2
10007,20251110,5.0,217.3,2026,2
10061,20251116,1.0,17.79,2026,2
10093,20251103,1.0,14.29,2026,2
10056,20251103,2.0,29.5,2026,2
10197,20251117,1.0,44.84,2026,2
10150,20251103,1.0,21.48,2026,2
10061,20251118,2.0,35.58,2026,2
10169,20251124,2.0,28.34,2026,2
10057,20251116,2.0,24.66,2026,2
10076,20251130,197.0,0.0,2026,2
10093,20251113,1.0,14.29,2026,2
10056,20251113,1.0,14.75,2026,2
10056,20251130,2.0,29.5,2026,2
10076,20251111,317.0,0.0,2026,2
10032,20251122,1.0,18.61,2026,2
10056,20251111,4.0,59.0,2026,2
10065,20251117,1.0,15.32,2026,2
10054,20251124,2.0,21.64,2026,2
10176,20251105,3.0,169.47,2026,2
10078,20251124,1.0,1.02,2026,2
10000,20251113,1.0,11.1,2026,2
10105,20251118,1.0,29.34,2026,2
10086,20251202,1.0,15.79,2026,3
10187,20251202,1.0,41.05,2026,3
10102,20251204,1.0,13.6,2026,3
10078,20251206,3.0,3.06,2026,3
10069,20251204,3.0,23.4,2026,3
10185,20251209,1.0,10.65,2026,3
10000,20251210,1.0,11.1,2026,3
10005,20251210,1.0,19.64,2026,3
10061,20251202,2.0,35.58,2026,3
10191,20251201,1.0,159.56,2026,3
10184,20251210,4.0,79.84,2026,3
10001,20251203,1.0,38.05,2026,3
10054,20251206,10.0,108.2,2026,3
10076,20251202,193.0,0.0,2026,3
10191,20251203,1.0,159.56,2026,3
10078,20251203,1.0,1.02,2026,3
10076,20251212,166.0,0.0,2026,3
10078,20251205,2.0,2.04,2026,3
10003,20251208,1.0,10.79,2026,3
10170,20251204,3.0,35.73,2026,3
10010,20251202,1.0,122.33,2026,3
10008,20251204,1.0,109.81,2026,3
10197,20251207,1.0,44.84,2026,3
10195,20251208,1.0,8.72,2026,3
10002,20251209,1.0,13.72,2026,3
10031,20251204,1.0,16.62,2026,3
10069,20251201,1.0,7.8,2026,3
10081,20251202,1.0,8.66,2026,3
10065,20251203,1.0,15.32,2026,3
10069,20251211,1.0,7.8,2026,3
10052,20251201,1.0,37.9,2026,3
10078,20251207,3.0,3.06,2026,3
10166,20251207,2.0,40.74,2026,3
10185,20251211,1.0,10.65,2026,3
10170,20251201,1.0,11.91,2026,3
10007,20251210,1.0,43.46,2026,3
10125,20251207,1.0,27.93,2026,3
10197,20251205,1.0,44.84,2026,3
10043,20251204,2.0,10.18,2026,3
10076,20251210,164.0,0.0,2026,3
10170,20251205,4.0,47.64,2026,3
10154,20251202,1.0,23.62,2026,3
10078,20251211,4.0,4.08,2026,3
10054,20251211,2.0,21.64,2026,3
10078,20251208,5.0,5.1,2026,3
10184,20251209,3.0,59.88,2026,3
10078,20251201,3.0,3.06,2026,3
10170,20251206,2.0,23.82,2026,3
10007,20251207,1.0,43.46,2026,3
10065,20251210,2.0,30.64,2026,3
10076,20251206,165.0,0.0,2026,3
10081,20251203,1.0,8.66,2026,3
10154,20251204,1.0,23.62,2026,3
10190,20251204,1.0,116.3,2026,3
10076,20251201,181.0,0.0,2026,3
10067,20251205,1.0,118.88,2026,3
10126,20251211,1.0,16.78,2026,3
10057,20251209,1.0,12.33,2026,3
10076,20251203,206.0,0.0,2026,3
10191,20251210,3.0,478.68,2026,3
10159,20251204,1.0,120.71,2026,3
10078,20251212,2.0,2.04,2026,3
10076,20251205,198.0,0.0,2026,3
10166,20251202,1.0,20.37,2026,3
10002,20251202,1.0,13.72,2026,3
10095,20251209,1.0,30.51,2026,3
10076,20251209,199.0,0.0,2026,3
10186,20251205,1.0,11.39,2026,3
10184,20251203,3.0,59.88,2026,3
10126,20251203,1.0,16.78,2026,3
10195,20251212,1.0,8.72,2026,3
10137,20251203,1.0,137.02,2026,3
10069,20251210,1.0,7.8,2026,3
10076,20251204,169.0,0.0,2026,3
10078,20251210,6.0,6.12,2026,3
10043,20251210,12.0,61.08,2026,3
10097,20251201,1.0,132.77,2026,3
10076,20251207,209.0,0.0,2026,3
10076,20251208,212.0,0.0,2026,3
10093,20251201,1.0,14.29,2026,3
10069,20251212,5.0,39.0,2026,3
10155,20251208,1.0,116.51,2026,3
10061,20251208,1.0,17.79,2026,3
10129,20251205,1.0,15.53,2026,3
10081,20251207,1.0,8.66,2026,3
10000,20251201,4.0,44.4,2026,3
10069,20251202,8.0,62.4,2026,3
10109,20251204,1.0,84.76,2026,3
10076,20251211,150.0,0.0,2026,3
10195,20251209,1.0,8.72,2026,3
